sut_name,stu_maj,writer,bookname,bookindex,borrowtime,branchoflib
422361ed35af22c8c3942f0e43c7fc37,社会科学试验班,"刘江永,",中日关系二十讲,nan,20190520,文科馆政经法阅览室
d05655499b66279e920e1fd876659ff0,社会科学试验班,哈夫纳,解读希特勒,nan,20201120,文科馆文科综合书库
d05655499b66279e920e1fd876659ff0,社会科学试验班,"Putnam, Robert D.",Bowling alone :,nan,20201109,理科馆外教中心阅览室
d05655499b66279e920e1fd876659ff0,社会科学试验班,安纳斯,古典哲学的趣味,nan,20190905,文科馆文科综合书库
d05655499b66279e920e1fd876659ff0,社会科学试验班,"Dunn, John, 1940- CAL n2005064753# ba0yba0y",Modern revolutions; :,nan,20190905,国务学院资料室
d05655499b66279e920e1fd876659ff0,社会科学试验班,杜比,法国史,nan,20190905,文科馆1号密集书库
d05655499b66279e920e1fd876659ff0,社会科学试验班,"Cohen, Stephen D.",The making of United States international economic policy :,nan,20190905,理科馆理科书库
d05655499b66279e920e1fd876659ff0,社会科学试验班,"edited by T.J. Pempel, editor.",Uncommon democracies :,nan,20190905,国务学院资料室
d05655499b66279e920e1fd876659ff0,社会科学试验班,吉登斯,亲密关系的变革,nan,20190905,文科馆文科综合书库
d05655499b66279e920e1fd876659ff0,社会科学试验班,"茅家琦,",百年沧桑,nan,20190905,文科馆政经法阅览室
d05655499b66279e920e1fd876659ff0,社会科学试验班,陈明明,在革命与现代化之间,nan,20190905,文科馆政经法阅览室
d05655499b66279e920e1fd876659ff0,社会科学试验班,陈星,台湾民主化与政治变迁,nan,20190905,文科馆政经法阅览室
d05655499b66279e920e1fd876659ff0,社会科学试验班,李建荣,"百年大党,十年风云",nan,20190905,文科馆政经法阅览室
d05655499b66279e920e1fd876659ff0,社会科学试验班,冯琳,中国国民党在台改造研究,nan,20190905,文科馆政经法阅览室
d05655499b66279e920e1fd876659ff0,社会科学试验班,"周维朋,",战后中国国民党派系关系之研究,nan,20190905,文科馆政经法阅览室
d05655499b66279e920e1fd876659ff0,社会科学试验班,"孙代尧,",台湾威权体制及其转型研究,nan,20190905,文科馆政经法阅览室
d05655499b66279e920e1fd876659ff0,社会科学试验班,耿守玄,亲历者讲述,nan,20190905,文科馆政经法阅览室
d05655499b66279e920e1fd876659ff0,社会科学试验班,米格达尔,强社会与弱国家,nan,20190905,文科馆1号密集书库
d05655499b66279e920e1fd876659ff0,社会科学试验班,姜殿铭,九十年代之台湾,nan,20190905,文科馆政经法阅览室
d05655499b66279e920e1fd876659ff0,社会科学试验班,"Linz, Juan J. (Juan Josâe), 1926-",Totalitarian and authoritarian regimes /,nan,20190905,理科馆理科书库
d05655499b66279e920e1fd876659ff0,社会科学试验班,杜比,法国史,nan,20190905,文科馆文科综合书库
d05655499b66279e920e1fd876659ff0,社会科学试验班,林茨,民主转型与巩固的问题,nan,20190821,文科馆政经法阅览室
d05655499b66279e920e1fd876659ff0,社会科学试验班,何劲松,创价学会的理念与实践,nan,20190819,文科馆1号密集书库
d05655499b66279e920e1fd876659ff0,社会科学试验班,升味准之辅,日本政治史,nan,20190729,文科馆政经法阅览室
d05655499b66279e920e1fd876659ff0,社会科学试验班,升味准之辅,日本政治史,nan,20190729,文科馆政经法阅览室
d05655499b66279e920e1fd876659ff0,社会科学试验班,辻清明,日本官僚制研究,nan,20190729,文科馆政经法阅览室
d05655499b66279e920e1fd876659ff0,社会科学试验班,升味准之辅,日本政治史,nan,20190729,文科馆政经法阅览室
d05655499b66279e920e1fd876659ff0,社会科学试验班,拉姆塞耶,寡头政治,nan,20190729,文科馆政经法阅览室
d05655499b66279e920e1fd876659ff0,社会科学试验班,"安世舟,",漂流的日本政治,nan,20190729,文科馆政经法阅览室
d05655499b66279e920e1fd876659ff0,社会科学试验班,升味准之辅,日本政治史,nan,20190729,文科馆政经法阅览室
d05655499b66279e920e1fd876659ff0,社会科学试验班,"吉田茂,",激荡的百年史,nan,20190722,文科馆文科综合书库
d05655499b66279e920e1fd876659ff0,社会科学试验班,陈明明,所有的子弹都有归宿,nan,20190624,国务学院资料室
d05655499b66279e920e1fd876659ff0,社会科学试验班,胡鞍钢,中国政治经济史论,nan,20190520,文科馆政经法阅览室
d05655499b66279e920e1fd876659ff0,社会科学试验班,梅尔泽,字里行间的哲学,nan,20190513,文科馆文科综合书库
d05655499b66279e920e1fd876659ff0,社会科学试验班,斋藤淳,政治分肥,nan,已催还20190507,文科馆政经法阅览室
d05655499b66279e920e1fd876659ff0,社会科学试验班,施瓦辛格,施瓦辛格健身全书,nan,20190503,文科馆文科综合书库
d05655499b66279e920e1fd876659ff0,社会科学试验班,陈明明,所有的子弹都有归宿,nan,20190501,国务学院资料室
d05655499b66279e920e1fd876659ff0,社会科学试验班,林茨,民主转型与巩固的问题,nan,20190430,文科馆政经法阅览室
d05655499b66279e920e1fd876659ff0,社会科学试验班,"席宣, 金春明","""文化大革命""简史",nan,20190430,文科馆1号密集书库
d05655499b66279e920e1fd876659ff0,社会科学试验班,菲舍尔,强迫症的历史,nan,20190430,文科馆文科综合书库
d05655499b66279e920e1fd876659ff0,社会科学试验班,麦克法夸尔,剑桥中华人民共和国史,nan,20190429,文科馆1号密集书库
d05655499b66279e920e1fd876659ff0,社会科学试验班,"赵敦华,",西方人学观念史,nan,20190429,文科馆文科综合书库
d05655499b66279e920e1fd876659ff0,社会科学试验班,波吉,国家,nan,20190429,文科馆政经法阅览室
d05655499b66279e920e1fd876659ff0,社会科学试验班,科利尔,战争、枪炮与选票,nan,20190424,国务学院资料室
d05655499b66279e920e1fd876659ff0,社会科学试验班,蒂莉,强制、资本和欧洲国家,nan,20190424,国务学院资料室
d05655499b66279e920e1fd876659ff0,社会科学试验班,马基雅维利,戏剧·诗歌·散文,nan,20190424,文科馆文学艺术书库
d05655499b66279e920e1fd876659ff0,社会科学试验班,约翰逊,通产省与日本奇迹,nan,20190411,国务学院资料室
d05655499b66279e920e1fd876659ff0,社会科学试验班,施特劳斯,迫害与写作艺术,nan,已催还20190408,文科馆政经法阅览室
d05655499b66279e920e1fd876659ff0,社会科学试验班,亨廷顿,第三波,nan,20190325,国务学院资料室
d05655499b66279e920e1fd876659ff0,社会科学试验班,摩根索,国家间政治,nan,20190307,国务学院资料室
d05655499b66279e920e1fd876659ff0,社会科学试验班,利普塞特,共识与冲突,nan,20190307,国务学院资料室
d05655499b66279e920e1fd876659ff0,社会科学试验班,奥斯本,新公共治理？,nan,20190307,国务学院资料室
d05655499b66279e920e1fd876659ff0,社会科学试验班,林恩,"是, 大臣",nan,20190307,文科馆文学艺术书库
d05655499b66279e920e1fd876659ff0,社会科学试验班,戴蒙德,政党与民主,nan,已催还20190306,文科馆政经法阅览室
d05655499b66279e920e1fd876659ff0,社会科学试验班,黄宗羲,明夷待访录,nan,20190306,文科馆文科综合书库
d05655499b66279e920e1fd876659ff0,社会科学试验班,斯金纳,近代政治思想的基础,nan,20190204,江湾馆文科借阅区
d05655499b66279e920e1fd876659ff0,社会科学试验班,"黄宗羲,",明夷待访录译注,nan,20190204,江湾1号密集书库
d05655499b66279e920e1fd876659ff0,社会科学试验班,叶启政,实证的迷思,nan,已催还20181218,文科馆文科综合书库
d05655499b66279e920e1fd876659ff0,社会科学试验班,麦克福尔,俄罗斯未竟的革命,nan,20181217,文科馆政经法阅览室
d05655499b66279e920e1fd876659ff0,社会科学试验班,芬纳,统治史,nan,20181211,国务学院资料室
d05655499b66279e920e1fd876659ff0,社会科学试验班,萨克森豪斯,惧怕差异,nan,20181210,文科馆政经法阅览室
d05655499b66279e920e1fd876659ff0,社会科学试验班,斯金纳,马基雅维里,nan,20181210,医科馆中文图书区
d05655499b66279e920e1fd876659ff0,社会科学试验班,古廷,福柯,nan,20181112,文科馆文科综合书库
d05655499b66279e920e1fd876659ff0,社会科学试验班,刘津瑜,罗马史研究入门,nan,已催还20181105,文科馆文科综合书库
d05655499b66279e920e1fd876659ff0,社会科学试验班,萨克森豪斯,惧怕差异,nan,20181025,文科馆政经法阅览室
d05655499b66279e920e1fd876659ff0,社会科学试验班,波普尔,历史决定论的贫困,nan,20180906,文科馆文科综合书库
d05655499b66279e920e1fd876659ff0,社会科学试验班,"哈特,",法律的概念,nan,20180806,文科馆政经法阅览室
d05655499b66279e920e1fd876659ff0,社会科学试验班,陈言,记录·冲绳“集体自杀”审判,nan,20171225,文科馆政经法阅览室
d05655499b66279e920e1fd876659ff0,社会科学试验班,"纪廷许,",现代日本社会与社会思潮,nan,20171225,文科馆政经法阅览室
d05655499b66279e920e1fd876659ff0,社会科学试验班,"李炯才,",日本: 神话与现实,nan,20171225,文科馆政经法阅览室
d05655499b66279e920e1fd876659ff0,社会科学试验班,张暄,日本社区,nan,20171225,文科馆政经法阅览室
d05655499b66279e920e1fd876659ff0,社会科学试验班,陈言,记录·冲绳“集体自杀”审判,nan,20171225,文科馆政经法阅览室
d05655499b66279e920e1fd876659ff0,社会科学试验班,郑乐静,日本温州籍华侨华人社会变迁研究,nan,20171225,文科馆政经法阅览室
85b337cbfed561f394174e09ded0a8ca,社会科学试验班,何佩森,梨园声韵学,nan,20190307,文科馆文学艺术书库
85b337cbfed561f394174e09ded0a8ca,社会科学试验班,周雪,基于新媒体平台的戏曲传承与推广研究,nan,20190307,文科馆文学艺术书库
85b337cbfed561f394174e09ded0a8ca,社会科学试验班,单跃进,京剧,nan,20190307,文科馆文学艺术书库
85b337cbfed561f394174e09ded0a8ca,社会科学试验班,"龚和德,",京剧说汇,nan,20190307,文科馆文学艺术书库
85b337cbfed561f394174e09ded0a8ca,社会科学试验班,董维贤,京剧流派,nan,20190307,文科馆文学艺术书库
85b337cbfed561f394174e09ded0a8ca,社会科学试验班,陈抱成,中国的戏曲文化,nan,20190307,文科馆文学艺术书库
85b337cbfed561f394174e09ded0a8ca,社会科学试验班,冉常建,表意主义戏剧,nan,20190307,文科馆文学艺术书库
85b337cbfed561f394174e09ded0a8ca,社会科学试验班,"魏莉莎,",听戏,nan,20190307,文科馆文学艺术书库
85b337cbfed561f394174e09ded0a8ca,社会科学试验班,程建国,戏外看京剧,nan,20190307,文科馆文学艺术书库
d6ea3857865ac213170942e491a037ca,社会科学试验班,军情视点,美国武器装备图鉴大全,nan,20201106,文科馆文科综合书库
d6ea3857865ac213170942e491a037ca,社会科学试验班,幾米,照相本子b,nan,20201106,文科馆文学艺术书库
d6ea3857865ac213170942e491a037ca,社会科学试验班,萧红,生死场,nan,20201106,文科馆文学艺术书库
d6ea3857865ac213170942e491a037ca,社会科学试验班,郝景芳,孤独深处,nan,20201106,文科馆文学艺术书库
d6ea3857865ac213170942e491a037ca,社会科学试验班,秦亚青,关系与过程,nan,20201106,文科馆政经法阅览室
d6ea3857865ac213170942e491a037ca,社会科学试验班,"edited by Young Yun Kim, William B. Gudykunst.",Theories in intercultural communication /,nan,20201106,理科馆理科书库
d6ea3857865ac213170942e491a037ca,社会科学试验班,"萧诒徽,",一千七百种靠近,nan,20201106,文科馆文学艺术书库
d6ea3857865ac213170942e491a037ca,社会科学试验班,"徐进,",改革开放以来中国对外政策变迁研究,nan,20200930,文科馆政经法阅览室
d6ea3857865ac213170942e491a037ca,社会科学试验班,"Beamer, Linda.",Intercultural communication in the global workplace /,nan,20200930,文科馆1号密集书库
d6ea3857865ac213170942e491a037ca,社会科学试验班,郭树勇,国际关系理论的中国探索,nan,20200930,文科馆政经法阅览室
d6ea3857865ac213170942e491a037ca,社会科学试验班,"吴心伯,",太平洋上不太平,nan,已催还20200923,国务学院资料室
d6ea3857865ac213170942e491a037ca,社会科学试验班,罗德里克,"一种经济学, 多种药方",nan,20200114,文科馆政经法阅览室
d6ea3857865ac213170942e491a037ca,社会科学试验班,江洋,恩格斯《家庭、私有制和国家的起源》研究读本,nan,20200108,文科馆文科综合书库
d6ea3857865ac213170942e491a037ca,社会科学试验班,罗德里克,"一种经济学, 多种药方",nan,20200107,文科馆政经法阅览室
d6ea3857865ac213170942e491a037ca,社会科学试验班,"王晓德,",美国文化与外交,nan,20200101,文科馆政经法阅览室
d6ea3857865ac213170942e491a037ca,社会科学试验班,贝里奇,外交理论与实践,nan,20191230,国务学院资料室
d6ea3857865ac213170942e491a037ca,社会科学试验班,杜俊伟,网络新媒体舆论与公共决策,nan,20191230,文科馆文科综合书库
d6ea3857865ac213170942e491a037ca,社会科学试验班,李小林,城市外交,nan,20191223,文科馆政经法阅览室
d6ea3857865ac213170942e491a037ca,社会科学试验班,萧红,生死场,nan,20191210,文科馆文学艺术书库
d6ea3857865ac213170942e491a037ca,社会科学试验班,达尔,多元主义民主的困境,nan,20191205,文科馆政经法阅览室
d6ea3857865ac213170942e491a037ca,社会科学试验班,鲁毅,外交学概论,nan,20191129,国务学院资料室
d6ea3857865ac213170942e491a037ca,社会科学试验班,贝里奇,外交理论与实践,nan,20191129,国务学院资料室
d6ea3857865ac213170942e491a037ca,社会科学试验班,萧红,生死场,nan,20191125,文科馆文学艺术书库
d6ea3857865ac213170942e491a037ca,社会科学试验班,萨托利,民主新论,nan,20191111,国务学院资料室
d6ea3857865ac213170942e491a037ca,社会科学试验班,阿切贝,这个世界土崩瓦解了,nan,20191108,文科馆文学艺术书库
d6ea3857865ac213170942e491a037ca,社会科学试验班,"张夏准,",富国的伪善,nan,20191108,文科馆政经法阅览室
d6ea3857865ac213170942e491a037ca,社会科学试验班,钱其琛,外交十记,nan,20191016,国务学院资料室
d6ea3857865ac213170942e491a037ca,社会科学试验班,米尔奇斯,美国总统制,nan,20191014,国务学院资料室
d6ea3857865ac213170942e491a037ca,社会科学试验班,陈海贤,幸福课,nan,20190905,文科馆文科综合书库
d6ea3857865ac213170942e491a037ca,社会科学试验班,"李渔,",闲情偶寄,nan,20190730,文科馆文学艺术书库
d6ea3857865ac213170942e491a037ca,社会科学试验班,"Ticktin, H. (Hillel)",Origins of the crisis in the USSR :,nan,20190708,理科馆理科书库
d6ea3857865ac213170942e491a037ca,社会科学试验班,"Gaddis, John Lewis.",The United States and the end of the cold war :,nan,20190708,理科馆理科书库
d6ea3857865ac213170942e491a037ca,社会科学试验班,尼克松.理查德,1999不战而胜,nan,20190628,文科馆政经法阅览室
d6ea3857865ac213170942e491a037ca,社会科学试验班,"加迪斯,",遏制战略,nan,20190628,文科馆政经法阅览室
d6ea3857865ac213170942e491a037ca,社会科学试验班,"薛小荣,",来自外部的革命,nan,20190628,文科馆政经法阅览室
d6ea3857865ac213170942e491a037ca,社会科学试验班,纪德,背德者,nan,20190627,文科馆文学艺术书库
d6ea3857865ac213170942e491a037ca,社会科学试验班,聚斯金德,香水,nan,20190625,文科馆文学艺术书库
d6ea3857865ac213170942e491a037ca,社会科学试验班,"福泽谕吉,",文明论概略,nan,20190611,文科馆文科综合书库
d6ea3857865ac213170942e491a037ca,社会科学试验班,乔治,嘻哈美国,nan,20190524,文科馆文学艺术书库
d6ea3857865ac213170942e491a037ca,社会科学试验班,马克思,路易·波拿巴的雾月十八日,nan,20190524,文科馆文科综合书库
d6ea3857865ac213170942e491a037ca,社会科学试验班,王安忆,长恨歌,nan,20190513,文科馆文学艺术书库
d6ea3857865ac213170942e491a037ca,社会科学试验班,程晶,巴西发展报告,nan,20190506,文科馆政经法阅览室
d6ea3857865ac213170942e491a037ca,社会科学试验班,"樊勇明,",西方国际政治经济学,nan,已催还20190325,文科馆政经法阅览室
d6ea3857865ac213170942e491a037ca,社会科学试验班,梅塞尔,美国政党与选举,nan,20190307,文科馆政经法阅览室
d6ea3857865ac213170942e491a037ca,社会科学试验班,程晶,巴西及拉美历史与发展研究,nan,20190307,文科馆文科综合书库
d6ea3857865ac213170942e491a037ca,社会科学试验班,霍尼,我们内心的冲突,nan,20190307,文科馆文科综合书库
d6ea3857865ac213170942e491a037ca,社会科学试验班,叶礼庭,战士的荣耀,nan,20190306,文科馆政经法阅览室
d6ea3857865ac213170942e491a037ca,社会科学试验班,幾米,向左走·向右走,nan,20190211,文科馆文学艺术书库
d6ea3857865ac213170942e491a037ca,社会科学试验班,何云庵,苏俄、共产国际与中国革命,nan,20190205,文科馆文科综合书库
d6ea3857865ac213170942e491a037ca,社会科学试验班,"张立平,",美国政党与选举政治,nan,20190204,文科馆政经法阅览室
d6ea3857865ac213170942e491a037ca,社会科学试验班,金光耀,北洋时期的中国外交,nan,20190201,文科馆政经法阅览室
d6ea3857865ac213170942e491a037ca,社会科学试验班,张学昆,中俄关系的演变与发展,nan,20190121,文科馆政经法阅览室
d6ea3857865ac213170942e491a037ca,社会科学试验班,"麦金德,",历史的地理枢纽,nan,20190115,文科馆文科综合书库
d6ea3857865ac213170942e491a037ca,社会科学试验班,包刚升,民主崩溃的政治学,nan,20190102,国务学院资料室
d6ea3857865ac213170942e491a037ca,社会科学试验班,"王安忆,",长恨歌,nan,20181225,医科馆中文图书区
d6ea3857865ac213170942e491a037ca,社会科学试验班,亚里士多德,政治学,nan,20181217,国务学院资料室
d6ea3857865ac213170942e491a037ca,社会科学试验班,牛文元,世界可持续发展年度报告,nan,20181214,理科馆理科书库
d6ea3857865ac213170942e491a037ca,社会科学试验班,包刚升,民主崩溃的政治学,nan,20181203,国务学院资料室
d6ea3857865ac213170942e491a037ca,社会科学试验班,"比米斯(Bemis,S.F.)",美国外交史,nan,20181116,国务学院资料室
d6ea3857865ac213170942e491a037ca,社会科学试验班,亚里士多德,政治学,nan,20181112,文科馆政经法阅览室
d6ea3857865ac213170942e491a037ca,社会科学试验班,亚里士多德,雅典政制,nan,已催还20181108,国务学院资料室
d6ea3857865ac213170942e491a037ca,社会科学试验班,亚里士多德,政治学,nan,20181017,国务学院资料室
d6ea3857865ac213170942e491a037ca,社会科学试验班,"北岛,",履历,nan,20181015,文科馆文学艺术书库
d6ea3857865ac213170942e491a037ca,社会科学试验班,"梁启超,",梁启超新民说,nan,20180918,文科馆政经法阅览室
d6ea3857865ac213170942e491a037ca,社会科学试验班,米尔恩,人的权利与人的多样性,nan,20180906,文科馆政经法阅览室
d6ea3857865ac213170942e491a037ca,社会科学试验班,杜兹纳,人权与帝国,nan,20180906,文科馆政经法阅览室
d6ea3857865ac213170942e491a037ca,社会科学试验班,"黄岩,",国家认同,nan,20180906,文科馆政经法阅览室
d6ea3857865ac213170942e491a037ca,社会科学试验班,杜拉斯,广岛之恋,nan,20180906,文科馆文学艺术书库
d6ea3857865ac213170942e491a037ca,社会科学试验班,"温特,",国际政治的社会理论,nan,20180906,文科馆政经法阅览室
d6ea3857865ac213170942e491a037ca,社会科学试验班,王杰,全球治理中的国际非政府组织,nan,20180906,文科馆政经法阅览室
d6ea3857865ac213170942e491a037ca,社会科学试验班,新渡户稻造,图释武士道,nan,20180810,文科馆文科综合书库
d6ea3857865ac213170942e491a037ca,社会科学试验班,木宫泰彦,日中文化交流史,nan,20180810,文科馆文科综合书库
d6ea3857865ac213170942e491a037ca,社会科学试验班,本尼迪克特,菊与剑,nan,20180810,文科馆文科综合书库
d6ea3857865ac213170942e491a037ca,社会科学试验班,耶林,为权利而斗争,nan,20180731,文科馆政经法阅览室
d6ea3857865ac213170942e491a037ca,社会科学试验班,加尔文,基督徒的生活,nan,20180727,文科馆文科综合书库
d6ea3857865ac213170942e491a037ca,社会科学试验班,"林庆元,",“大东亚共荣圈”源流,nan,20180719,文科馆政经法阅览室
d6ea3857865ac213170942e491a037ca,社会科学试验班,奥威尔,巴黎伦敦落魄记,nan,20180618,文科馆文学艺术书库
d6ea3857865ac213170942e491a037ca,社会科学试验班,刘绍华,我的凉山兄弟,nan,20180618,文科馆文学艺术书库
d6ea3857865ac213170942e491a037ca,社会科学试验班,"特兰斯特勒默,",特朗斯特罗姆诗全集,nan,20180427,文科馆文学艺术书库
d6ea3857865ac213170942e491a037ca,社会科学试验班,"顾城,",顾城的诗 顾城的画,nan,20180314,文科馆文学艺术书库
d6ea3857865ac213170942e491a037ca,社会科学试验班,勒南,耶稣传,nan,20180101,文科馆文科综合书库
d6ea3857865ac213170942e491a037ca,社会科学试验班,"笛卡尔,",第一哲学沉思集,nan,已催还20171106,文科馆文科综合书库
ffdf98c4da98b5b855c07079e9061437,社会科学试验班,"Fewsmith, Joseph, 1949-",Dilemmas of reform in China :,nan,20200930,理科馆2号密集书库
ffdf98c4da98b5b855c07079e9061437,社会科学试验班,"Chen, An, 1955-",Restructuring political power in China :,nan,20200930,理科馆理科书库
ffdf98c4da98b5b855c07079e9061437,社会科学试验班,"卢光盛,",澜湄合作的方向、路径与云南的参与,nan,20200930,文科馆政经法阅览室
ffdf98c4da98b5b855c07079e9061437,社会科学试验班,肯尼迪,联合国过去与未来,nan,20200930,文科馆政经法阅览室
ffdf98c4da98b5b855c07079e9061437,社会科学试验班,章永乐,旧邦新造,nan,20200930,文科馆政经法阅览室
ffdf98c4da98b5b855c07079e9061437,社会科学试验班,闫文静,视界之外,nan,20190913,文科馆政经法阅览室
ffdf98c4da98b5b855c07079e9061437,社会科学试验班,孟文婷,我与联合国的六年,nan,20190913,文科馆政经法阅览室
ffdf98c4da98b5b855c07079e9061437,社会科学试验班,"王子昌,",国家利益还是地区利益,nan,20190906,文科馆政经法阅览室
ffdf98c4da98b5b855c07079e9061437,社会科学试验班,"张贵洪,",全球治理中的中国与联合国,nan,20190906,文科馆政经法阅览室
ffdf98c4da98b5b855c07079e9061437,社会科学试验班,王士录,从东盟到大东盟,nan,20190906,文科馆政经法阅览室
ffdf98c4da98b5b855c07079e9061437,社会科学试验班,"阿利莫夫,",上海合作组织的创建、发展和前景,nan,20190906,文科馆政经法阅览室
ffdf98c4da98b5b855c07079e9061437,社会科学试验班,"苏长和,",全球公共问题与国际合作,nan,20190906,文科馆政经法阅览室
ffdf98c4da98b5b855c07079e9061437,社会科学试验班,张丽君,全球政治中的国际组织 (IGOs),nan,20190906,文科馆政经法阅览室
ffdf98c4da98b5b855c07079e9061437,社会科学试验班,张云,国际政治中“弱者”的逻辑,nan,20190906,文科馆政经法阅览室
ffdf98c4da98b5b855c07079e9061437,社会科学试验班,樊勇明,西方国际政治经济学,nan,20190906,文科馆政经法阅览室
ffdf98c4da98b5b855c07079e9061437,社会科学试验班,周玉渊,从东盟到东盟共同体,nan,20190906,文科馆政经法阅览室
ffdf98c4da98b5b855c07079e9061437,社会科学试验班,塞韦里诺,东南亚共同体建设探源,nan,20190906,文科馆政经法阅览室
ffdf98c4da98b5b855c07079e9061437,社会科学试验班,戚振宏,上海合作组织,nan,20190906,文科馆政经法阅览室
ffdf98c4da98b5b855c07079e9061437,社会科学试验班,"张永,",民国初年的进步党与议会政党政治,nan,20190905,文科馆政经法阅览室
ffdf98c4da98b5b855c07079e9061437,社会科学试验班,简世勋,世界不是平的,nan,20190905,文科馆政经法阅览室
ffdf98c4da98b5b855c07079e9061437,社会科学试验班,岩锋,民国初立,nan,20190905,文科馆政经法阅览室
ffdf98c4da98b5b855c07079e9061437,社会科学试验班,"杨天宏,",政党建置与民国政制走向,nan,20190905,文科馆政经法阅览室
ffdf98c4da98b5b855c07079e9061437,社会科学试验班,袁继成,中华民国政治制度史,nan,20190905,文科馆政经法阅览室
ffdf98c4da98b5b855c07079e9061437,社会科学试验班,王北固,好莱坞的政治学,nan,20190905,文科馆文学艺术书库
ffdf98c4da98b5b855c07079e9061437,社会科学试验班,詹金斯,好莱坞内部的中情局,nan,20190905,文科馆文学艺术书库
ffdf98c4da98b5b855c07079e9061437,社会科学试验班,叶文心,民国知识人,nan,20190905,国务学院资料室
ffdf98c4da98b5b855c07079e9061437,社会科学试验班,陆仰渊,民国社会经济史,nan,20190905,文科馆政经法阅览室
ffdf98c4da98b5b855c07079e9061437,社会科学试验班,裴宜理,华北的叛乱者与革命者,nan,20190905,文科馆文科综合书库
ffdf98c4da98b5b855c07079e9061437,社会科学试验班,贺良林,政治文化变迁中的中国政党制度研究,nan,20190905,文科馆政经法阅览室
ffdf98c4da98b5b855c07079e9061437,社会科学试验班,李淑蘋,民国时期政治与社会散论,nan,20190905,文科馆政经法阅览室
ffdf98c4da98b5b855c07079e9061437,社会科学试验班,蔡尚思,论清末民初中国社会,nan,20190905,文科馆文科综合书库
ffdf98c4da98b5b855c07079e9061437,社会科学试验班,黄庆,中华人民共和国外交史,nan,20190820,文科馆政经法阅览室
ffdf98c4da98b5b855c07079e9061437,社会科学试验班,王帆,中国角色 中国方案,nan,20190820,文科馆政经法阅览室
ffdf98c4da98b5b855c07079e9061437,社会科学试验班,"齐鹏飞,",改革开放40年的中国外交,nan,20190820,文科馆政经法阅览室
ffdf98c4da98b5b855c07079e9061437,社会科学试验班,杜岩,公共关系学,nan,20190815,文科馆文科综合书库
ffdf98c4da98b5b855c07079e9061437,社会科学试验班,赵可金,公共外交的理论与实践,nan,20190815,文科馆政经法阅览室
ffdf98c4da98b5b855c07079e9061437,社会科学试验班,徐海龙,好莱坞电影的意识形态与文化,nan,20190815,文科馆文学艺术书库
ffdf98c4da98b5b855c07079e9061437,社会科学试验班,"丁磊,",国家形象及其对国家间行为的影响,nan,20190814,文科馆政经法阅览室
ffdf98c4da98b5b855c07079e9061437,社会科学试验班,"宋洪兵,",韩非子解读,nan,20190729,文科馆文科综合书库
ffdf98c4da98b5b855c07079e9061437,社会科学试验班,"宋洪兵,",韩非子政治思想再研究,nan,20190729,文科馆文科综合书库
ffdf98c4da98b5b855c07079e9061437,社会科学试验班,"张素贞,",韩非子,nan,20190729,文科馆文科综合书库
ffdf98c4da98b5b855c07079e9061437,社会科学试验班,"钱穆,",孔子传,nan,20190703,文科馆文科综合书库
ffdf98c4da98b5b855c07079e9061437,社会科学试验班,阿尔贝尔,西方情报机构与苏联解体,nan,20190703,文科馆政经法阅览室
ffdf98c4da98b5b855c07079e9061437,社会科学试验班,"李零,",丧家狗,nan,20190703,文科馆文科综合书库
ffdf98c4da98b5b855c07079e9061437,社会科学试验班,"Johnson, Chalmers A.",MITI and the japanese miracle :,nan,20190703,江湾1号密集书库
ffdf98c4da98b5b855c07079e9061437,社会科学试验班,约翰逊,通产省与日本奇迹,nan,20190703,文科馆政经法阅览室
ffdf98c4da98b5b855c07079e9061437,社会科学试验班,费正清,剑桥中华民国史,nan,20190701,文科馆文科综合书库
ffdf98c4da98b5b855c07079e9061437,社会科学试验班,陈旭麓,近代中国社会的新陈代谢,nan,已催还20190624,文科馆文科综合书库
ffdf98c4da98b5b855c07079e9061437,社会科学试验班,张朋园,中国民主政治的困境,nan,已催还20190610,文科馆政经法阅览室
ffdf98c4da98b5b855c07079e9061437,社会科学试验班,"刘德斌,",国际关系史,nan,已催还20190424,文科馆政经法阅览室
ffdf98c4da98b5b855c07079e9061437,社会科学试验班,"罗森,",财政学,nan,20190424,文科馆政经法阅览室
ffdf98c4da98b5b855c07079e9061437,社会科学试验班,徐大同,西方政治思想史,nan,20190424,文科馆政经法阅览室
ffdf98c4da98b5b855c07079e9061437,社会科学试验班,"鲁尔克,",世界舞台上的国际政治,nan,已催还20190401,文科馆政经法阅览室
ffdf98c4da98b5b855c07079e9061437,社会科学试验班,林尚立,日本政党政治,nan,已催还20190315,文科馆政经法阅览室
ffdf98c4da98b5b855c07079e9061437,社会科学试验班,俞辛,孙中山与日本关系研究,nan,20190307,文科馆文科综合书库
ffdf98c4da98b5b855c07079e9061437,社会科学试验班,朱一智,孙中山的思想和道路,nan,20190307,文科馆文科综合书库
ffdf98c4da98b5b855c07079e9061437,社会科学试验班,张磊,孙中山论,nan,20190307,文科馆文科综合书库
ffdf98c4da98b5b855c07079e9061437,社会科学试验班,王寒,大话台州人,nan,20190306,文科馆文科综合书库
ffdf98c4da98b5b855c07079e9061437,社会科学试验班,"戴季陶,",日本论,nan,20190218,文科馆文科综合书库
ffdf98c4da98b5b855c07079e9061437,社会科学试验班,"林语堂,",吾国与吾民,nan,20190218,文科馆文科综合书库
ffdf98c4da98b5b855c07079e9061437,社会科学试验班,"林惠祥,",文化人类学,nan,20190218,文科馆文科综合书库
ffdf98c4da98b5b855c07079e9061437,社会科学试验班,"钱穆,",从中国历史来看中国民族性及中国文化,nan,20190218,文科馆文科综合书库
ffdf98c4da98b5b855c07079e9061437,社会科学试验班,筑岛谦三,“日本人论”中的日本人,nan,20190218,文科馆文科综合书库
ffdf98c4da98b5b855c07079e9061437,社会科学试验班,"陈舜臣,",日本人与中国人,nan,20190218,文科馆文科综合书库
ffdf98c4da98b5b855c07079e9061437,社会科学试验班,"冈仓天心,",觉醒之书,nan,20190218,文科馆文科综合书库
ffdf98c4da98b5b855c07079e9061437,社会科学试验班,内山完造,一个日本人的中国观,nan,20190218,文科馆文科综合书库
ffdf98c4da98b5b855c07079e9061437,社会科学试验班,"南博,",近代日本的百年情結,nan,20190218,文科馆文科综合书库
ffdf98c4da98b5b855c07079e9061437,社会科学试验班,"青木保,",日本文化论的变迁,nan,20190218,文科馆文科综合书库
ffdf98c4da98b5b855c07079e9061437,社会科学试验班,冯尔康,雍正传,nan,20190218,文科馆文科综合书库
ffdf98c4da98b5b855c07079e9061437,社会科学试验班,唐文基,乾隆传,nan,20190218,文科馆文科综合书库
ffdf98c4da98b5b855c07079e9061437,社会科学试验班,孙中山,三民主义,nan,20190218,文科馆政经法阅览室
ffdf98c4da98b5b855c07079e9061437,社会科学试验班,杨劲松,日本文化认同的建构历程,nan,20190218,文科馆文科综合书库
ffdf98c4da98b5b855c07079e9061437,社会科学试验班,白新良,乾隆皇帝秘史,nan,20190218,文科馆文科综合书库
ffdf98c4da98b5b855c07079e9061437,社会科学试验班,"金性尧,",清代笔祸,nan,20190214,文科馆文科综合书库
ffdf98c4da98b5b855c07079e9061437,社会科学试验班,"戴逸,",乾隆帝及其时代,nan,20190214,文科馆文科综合书库
ffdf98c4da98b5b855c07079e9061437,社会科学试验班,埃利奥特,皇帝亦凡人,nan,20190214,文科馆文科综合书库
ffdf98c4da98b5b855c07079e9061437,社会科学试验班,蒋兆成,康熙传,nan,20190214,文科馆文科综合书库
ffdf98c4da98b5b855c07079e9061437,社会科学试验班,"何晓明,",中国皇权史,nan,20190212,文科馆政经法阅览室
ffdf98c4da98b5b855c07079e9061437,社会科学试验班,"钱穆,",中国历代政治得失,nan,20190212,文科馆政经法阅览室
ffdf98c4da98b5b855c07079e9061437,社会科学试验班,"马良怀,",士人 皇帝 宦官,nan,20190212,文科馆政经法阅览室
ffdf98c4da98b5b855c07079e9061437,社会科学试验班,布克哈特,古希腊罗马军事史,nan,20190207,文科馆文科综合书库
ffdf98c4da98b5b855c07079e9061437,社会科学试验班,科瓦略夫,古代罗马史,nan,20190207,文科馆文科综合书库
ffdf98c4da98b5b855c07079e9061437,社会科学试验班,斯托巴特,伟大属于罗马,nan,20190207,文科馆文科综合书库
ffdf98c4da98b5b855c07079e9061437,社会科学试验班,金文,极简罗马史,nan,20190207,文科馆文科综合书库
ffdf98c4da98b5b855c07079e9061437,社会科学试验班,麦克莫兰,腐败与罗马帝国的衰落,nan,已催还20181227,文科馆文科综合书库
ffdf98c4da98b5b855c07079e9061437,社会科学试验班,"萧公权,",中国政治思想史,nan,20181226,文科馆政经法阅览室
ffdf98c4da98b5b855c07079e9061437,社会科学试验班,洪涛,逻各斯与空间,nan,20181126,国务学院资料室
ffdf98c4da98b5b855c07079e9061437,社会科学试验班,卡特利奇,实践中的古希腊政治思想,nan,20181126,国务学院资料室
ffdf98c4da98b5b855c07079e9061437,社会科学试验班,张晓风,回首风烟,nan,20181120,文科馆文学艺术书库
ffdf98c4da98b5b855c07079e9061437,社会科学试验班,许海山,古罗马简史,nan,20181115,文科馆文科综合书库
ffdf98c4da98b5b855c07079e9061437,社会科学试验班,"钱穆,",中國歷代政治得失,nan,20181112,文科馆政经法阅览室
ffdf98c4da98b5b855c07079e9061437,社会科学试验班,韩少功,暗示,nan,20181102,文科馆文学艺术书库
ffdf98c4da98b5b855c07079e9061437,社会科学试验班,"王小波,",白银时代,nan,20181102,文科馆文学艺术书库
ffdf98c4da98b5b855c07079e9061437,社会科学试验班,"才让,",藏传佛教信仰与民俗,nan,20180917,文科馆文科综合书库
ffdf98c4da98b5b855c07079e9061437,社会科学试验班,周国平,妞妞,nan,20180906,文科馆文学艺术书库
ffdf98c4da98b5b855c07079e9061437,社会科学试验班,"王蒙,",王蒙散文,nan,20180906,文科馆文学艺术书库
ffdf98c4da98b5b855c07079e9061437,社会科学试验班,"郭占锋,",在牛津的日子,nan,20180906,文科馆文学艺术书库
ffdf98c4da98b5b855c07079e9061437,社会科学试验班,"汪曾祺,",邂逅·水蛇腰,nan,20180906,文科馆文学艺术书库
ffdf98c4da98b5b855c07079e9061437,社会科学试验班,"冯骥才,","远行, 与异文明的初恋",nan,20180906,文科馆文学艺术书库
ffdf98c4da98b5b855c07079e9061437,社会科学试验班,"周国平,",对标准答案说不,nan,20180906,文科馆文学艺术书库
3e7c0505eb0406eadd5ebebeb3ac9b81,社会科学试验班,潘忠岐,国际政治学理论解析,nan,已催还20200921,文科馆政经法阅览室
3e7c0505eb0406eadd5ebebeb3ac9b81,社会科学试验班,"颜声毅,",当代中国外交,nan,20190710,国务学院资料室
3e7c0505eb0406eadd5ebebeb3ac9b81,社会科学试验班,方柏华,国际关系格局,nan,20190710,国务学院资料室
3e7c0505eb0406eadd5ebebeb3ac9b81,社会科学试验班,佩蒂特,共和主义,nan,20190710,国务学院资料室
3e7c0505eb0406eadd5ebebeb3ac9b81,社会科学试验班,"董宝瑞,",李大钊评传,nan,20190520,文科馆文科综合书库
3d5c7e142005458efed2b54dc8c826d4,社会科学试验班,沈奕斐,个体家庭iFamily,nan,已催还20190503,文科馆政经法阅览室
3d5c7e142005458efed2b54dc8c826d4,社会科学试验班,戈特迪纳,城市研究核心概念,nan,已催还20190418,文科馆文科综合书库
86511ef0255b0d0d6879d295bb2cfcb1,社会科学试验班,丘吉尔,第二次世界大战回忆录,nan,20181112,文科馆文科综合书库
2464774dbb14bf438cf6b9f620e87119,国际政治,哈吉纳尔,八国集团体系与二十国集团,nan,20210125,江湾馆4号密集书库
2464774dbb14bf438cf6b9f620e87119,国际政治,宋海啸,中国外交决策模式,nan,20210118,江湾馆4号密集书库
2464774dbb14bf438cf6b9f620e87119,国际政治,赫德,无政府状态之后,nan,20210111,文科馆政经法阅览室
2464774dbb14bf438cf6b9f620e87119,国际政治,黄枝连,天朝礼治体系研究,nan,20210101,江湾1号密集书库
2464774dbb14bf438cf6b9f620e87119,国际政治,孙歌,我们为什么要谈东亚,nan,20200930,文科馆政经法阅览室
2464774dbb14bf438cf6b9f620e87119,国际政治,洪涛,心术与治道,nan,20200930,国务学院资料室
2464774dbb14bf438cf6b9f620e87119,国际政治,丸山真男,日本政治思想史研究,nan,20200930,江湾馆文科借阅区
2464774dbb14bf438cf6b9f620e87119,国际政治,"白永瑞,",思想东亚,nan,20200930,文科馆政经法阅览室
2464774dbb14bf438cf6b9f620e87119,国际政治,洪涛,经学、政治与现代中国,nan,20200930,文科馆1号密集书库
2464774dbb14bf438cf6b9f620e87119,国际政治,"丸山真男,",日本的思想,nan,20200930,医科馆密集库
2464774dbb14bf438cf6b9f620e87119,国际政治,"冈仓天心,",觉醒之书,nan,20200306,文科馆文科综合书库
2464774dbb14bf438cf6b9f620e87119,国际政治,熊志勇,美国政治与外交决策,nan,20200305,文科馆政经法阅览室
2464774dbb14bf438cf6b9f620e87119,国际政治,"李庆余,",美国外交传统及其缔造者,nan,20200305,文科馆政经法阅览室
2464774dbb14bf438cf6b9f620e87119,国际政治,"高伟,",日本近世国学者的华夷论与自他认识,nan,20200305,文科馆政经法阅览室
2464774dbb14bf438cf6b9f620e87119,国际政治,"库普线,",美国时代的终结,nan,20200305,文科馆政经法阅览室
2464774dbb14bf438cf6b9f620e87119,国际政治,任晓,保守主义理念与美国外交政策,nan,20200305,文科馆政经法阅览室
2464774dbb14bf438cf6b9f620e87119,国际政治,王缉思,布什主义的兴衰,nan,20200305,文科馆政经法阅览室
2464774dbb14bf438cf6b9f620e87119,国际政治,沈丁立,现实主义与美国外交政策,nan,20200305,文科馆政经法阅览室
2464774dbb14bf438cf6b9f620e87119,国际政治,杰里尔·A. 罗赛蒂,美国对外政策的政治学,nan,20200305,文科馆政经法阅览室
2464774dbb14bf438cf6b9f620e87119,国际政治,吴孟儒,日本近代大陸政策的思想源流,nan,20200303,文科馆1号密集书库
2464774dbb14bf438cf6b9f620e87119,国际政治,鲍刚,别了，亚洲！,nan,20200228,文科馆政经法阅览室
2464774dbb14bf438cf6b9f620e87119,国际政治,子安宣邦,东亚论,nan,20200228,文科馆文科综合书库
2464774dbb14bf438cf6b9f620e87119,国际政治,王屏,近代日本的亚细亚主义,nan,20200228,文科馆政经法阅览室
2464774dbb14bf438cf6b9f620e87119,国际政治,"子安宣邦,",日本现代思想批判,nan,20200228,文科馆文科综合书库
2464774dbb14bf438cf6b9f620e87119,国际政治,米庆余,近代日本的东亚战略和政策,nan,20200228,文科馆政经法阅览室
2464774dbb14bf438cf6b9f620e87119,国际政治,"狭间直树,",日本早期的亚洲主义,nan,20200228,文科馆政经法阅览室
2464774dbb14bf438cf6b9f620e87119,国际政治,王荣,《美国国家安全战略报告》研究,nan,20200227,国务学院资料室
2464774dbb14bf438cf6b9f620e87119,国际政治,斯派克曼,世界政治中的美国战略,nan,20200227,国务学院资料室
2464774dbb14bf438cf6b9f620e87119,国际政治,朱明权,领导世界还是支配世界？,nan,20200227,国务学院资料室
2464774dbb14bf438cf6b9f620e87119,国际政治,朱立熙,韓國史,nan,20200227,文科馆文科综合书库
2464774dbb14bf438cf6b9f620e87119,国际政治,林亨芬,從封貢到平行,nan,20200227,文科馆政经法阅览室
2464774dbb14bf438cf6b9f620e87119,国际政治,复旦大学,从周边看中国,nan,20200227,文科馆1号密集书库
2464774dbb14bf438cf6b9f620e87119,国际政治,安德森,比较的幽灵,nan,20200219,文科馆政经法阅览室
2464774dbb14bf438cf6b9f620e87119,国际政治,"王赓武,",华人与中国,nan,20200219,文科馆政经法阅览室
2464774dbb14bf438cf6b9f620e87119,国际政治,彭伟步,少数族群传媒的文化记忆与族性书写,nan,20200219,文科馆政经法阅览室
2464774dbb14bf438cf6b9f620e87119,国际政治,"陈传仁,",海外华人的力量,nan,20200219,文科馆政经法阅览室
2464774dbb14bf438cf6b9f620e87119,国际政治,顾长永,邊緣化或是整合,nan,20200219,文科馆政经法阅览室
2464774dbb14bf438cf6b9f620e87119,国际政治,王赓武,东南亚与华人,nan,20200219,文科馆政经法阅览室
2464774dbb14bf438cf6b9f620e87119,国际政治,王国璋,馬來西亞民主轉型,nan,20200219,文科馆政经法阅览室
2464774dbb14bf438cf6b9f620e87119,国际政治,孙卫国,大明旗号与小中华意识,nan,20200217,文科馆1号密集书库
2464774dbb14bf438cf6b9f620e87119,国际政治,"赵旭,",朝鲜王朝礼制研究,nan,20200217,文科馆文科综合书库
2464774dbb14bf438cf6b9f620e87119,国际政治,"王元周,",小中华意识的嬗变,nan,20200217,文科馆政经法阅览室
2464774dbb14bf438cf6b9f620e87119,国际政治,"郑培凯,",千载毗邻,nan,20200210,文科馆政经法阅览室
2464774dbb14bf438cf6b9f620e87119,国际政治,"杨昭全,",韩国文化史,nan,20200210,文科馆文科综合书库
2464774dbb14bf438cf6b9f620e87119,国际政治,林荧泽,韩国学,nan,20200210,文科馆文科综合书库
2464774dbb14bf438cf6b9f620e87119,国际政治,刘菁华,明实录朝鲜资料辑录,nan,20200210,文科馆政经法阅览室
2464774dbb14bf438cf6b9f620e87119,国际政治,李零,去圣乃得真孔子,nan,20200124,医科馆密集库
2464774dbb14bf438cf6b9f620e87119,国际政治,李基白,韩国史新论,nan,20200113,文科馆文科综合书库
2464774dbb14bf438cf6b9f620e87119,国际政治,"俞成云,",韩国文化通论,nan,20200113,文科馆文科综合书库
2464774dbb14bf438cf6b9f620e87119,国际政治,孙科志,新编韩国史,nan,20200113,文科馆文科综合书库
2464774dbb14bf438cf6b9f620e87119,国际政治,石源华,韓國傳統文化的反思和新探,nan,20200113,文科馆文科综合书库
2464774dbb14bf438cf6b9f620e87119,国际政治,伯恩斯,民治政府,nan,20200108,文科馆政经法阅览室
2464774dbb14bf438cf6b9f620e87119,国际政治,"史密斯,",民族主义,nan,20191230,文科馆政经法阅览室
2464774dbb14bf438cf6b9f620e87119,国际政治,"徐迅,",民族主义,nan,20191230,文科馆政经法阅览室
2464774dbb14bf438cf6b9f620e87119,国际政治,"司马迁,",史記會注考證,nan,20191220,文科馆文科综合书库
2464774dbb14bf438cf6b9f620e87119,国际政治,李硕,孔子大历史,nan,20191220,文科馆文科综合书库
2464774dbb14bf438cf6b9f620e87119,国际政治,洪涛,心术与治道,nan,20191212,国务学院资料室
2464774dbb14bf438cf6b9f620e87119,国际政治,马格莱比,民治政府,nan,20191211,国务学院资料室
2464774dbb14bf438cf6b9f620e87119,国际政治,"阿查亚,",建构安全共同体,nan,20191202,国务学院资料室
2464774dbb14bf438cf6b9f620e87119,国际政治,"Hourani, Albert Habib.",A history of the Arab peoples /,nan,20191122,江湾1号密集书库
2464774dbb14bf438cf6b9f620e87119,国际政治,洪涛,逻各斯与空间,nan,20191118,国务学院资料室
2464774dbb14bf438cf6b9f620e87119,国际政治,"张效敏,",马克思的国家理论,nan,20191114,国务学院资料室
2464774dbb14bf438cf6b9f620e87119,国际政治,鲁宾,帝国权威的档案,nan,20191018,国务学院资料室
2464774dbb14bf438cf6b9f620e87119,国际政治,五百旗头真,战后日本外交史,nan,已催还20190930,文科馆政经法阅览室
2464774dbb14bf438cf6b9f620e87119,国际政治,edited by Daniel H. Nexon and Iver B. Neumann.,Harry Potter and international relations /,nan,已催还20190924,理科馆外教中心（东）
2464774dbb14bf438cf6b9f620e87119,国际政治,"edited by Sumit Ganguly, Larry Diamond, and Marc F. Plattner.",The state of India's democracy /,nan,20190906,文科馆1号密集书库
2464774dbb14bf438cf6b9f620e87119,国际政治,"林承节,",印度现代化的发展道路,nan,20190906,文科馆文科综合书库
2464774dbb14bf438cf6b9f620e87119,国际政治,林承节,殖民统治时期的印度史,nan,20190906,文科馆文科综合书库
2464774dbb14bf438cf6b9f620e87119,国际政治,"White, Lynn T.",Policies of chaos :,nan,20190905,理科馆外教中心（东）
2464774dbb14bf438cf6b9f620e87119,国际政治,卡尔,西班牙史,nan,20190905,文科馆文科综合书库
2464774dbb14bf438cf6b9f620e87119,国际政治,刘德斌,国际关系史,nan,20190905,文科馆政经法阅览室
2464774dbb14bf438cf6b9f620e87119,国际政治,王缉思,冷战后的美国外交,nan,20190905,文科馆政经法阅览室
2464774dbb14bf438cf6b9f620e87119,国际政治,"库普线,",美国时代的终结,nan,20190905,文科馆政经法阅览室
2464774dbb14bf438cf6b9f620e87119,国际政治,沈丁立,现实主义与美国外交政策,nan,20190905,文科馆政经法阅览室
2464774dbb14bf438cf6b9f620e87119,国际政治,"赵学功,",当代美国外交,nan,20190905,文科馆政经法阅览室
2464774dbb14bf438cf6b9f620e87119,国际政治,"德科拉,",西班牙史,nan,20190905,文科馆文科综合书库
2464774dbb14bf438cf6b9f620e87119,国际政治,吴晓春,美国新保守派外交思想及其影响,nan,20190905,文科馆政经法阅览室
2464774dbb14bf438cf6b9f620e87119,国际政治,王荣,《美国国家安全战略报告》研究,nan,20190905,国务学院资料室
2464774dbb14bf438cf6b9f620e87119,国际政治,朱明权,领导世界还是支配世界？,nan,20190905,国务学院资料室
2464774dbb14bf438cf6b9f620e87119,国际政治,萨托利,政党与政党体制,nan,20190812,文科馆政经法阅览室
2464774dbb14bf438cf6b9f620e87119,国际政治,方连庆,国际关系史,nan,20190805,江湾馆文科借阅区
2464774dbb14bf438cf6b9f620e87119,国际政治,"McDonough, Peter, 1939-",The cultural dynamics of democratization in Spain /,nan,20190715,理科馆理科书库
2464774dbb14bf438cf6b9f620e87119,国际政治,"Perez-Villalba, Esther.","How political singers facilitated the Spanish transition to democracy, 1960-1982 :",nan,20190715,理科馆外教中心（东）
2464774dbb14bf438cf6b9f620e87119,国际政治,普雷斯顿,民主国王,nan,20190712,文科馆文科综合书库
2464774dbb14bf438cf6b9f620e87119,国际政治,吴守琳,从佛朗哥到冈萨雷斯,nan,20190712,江湾1号密集书库
2464774dbb14bf438cf6b9f620e87119,国际政治,豪布里希,佛朗哥的遗产--当代西班牙,nan,20190712,江湾1号密集书库
2464774dbb14bf438cf6b9f620e87119,国际政治,陈尧,新权威主义政权的民主转型,nan,20190712,文科馆政经法阅览室
2464774dbb14bf438cf6b9f620e87119,国际政治,谢岳,社会抗争与民主转型,nan,20190712,文科馆政经法阅览室
2464774dbb14bf438cf6b9f620e87119,国际政治,"陈立夫,",孟子之政治思想,nan,20190709,文科馆文科综合书库
2464774dbb14bf438cf6b9f620e87119,国际政治,"孔丘,",新论语,nan,20190709,文科馆文科综合书库
2464774dbb14bf438cf6b9f620e87119,国际政治,"劳思光,",新编中国哲学史,nan,20190709,文科馆文科综合书库
2464774dbb14bf438cf6b9f620e87119,国际政治,"José Francisco Jiménez-Díaz, and Santiago Delgado-Fernández, editors.",Political leadership in the Spanish transition to democracy (1975-1982) /,nan,20190708,理科馆理科书库
2464774dbb14bf438cf6b9f620e87119,国际政治,"Buck, Marcus.",Democratisation :,nan,20190708,理科馆理科书库
2464774dbb14bf438cf6b9f620e87119,国际政治,"Edles, Laura Desfor.",Symbol and ritual in the new Spain :,nan,20190708,理科馆外教中心阅览室
2464774dbb14bf438cf6b9f620e87119,国际政治,堀敏一,隋唐帝国与东亚,nan,20190621,文科馆政经法阅览室
2464774dbb14bf438cf6b9f620e87119,国际政治,王小甫,盛唐时代与东北亚政局,nan,20190621,文科馆政经法阅览室
2464774dbb14bf438cf6b9f620e87119,国际政治,姜万吉,韩国现代史,nan,20190621,文科馆1号密集书库
2464774dbb14bf438cf6b9f620e87119,国际政治,"尹保云,",民主与本土文化,nan,20190621,文科馆政经法阅览室
2464774dbb14bf438cf6b9f620e87119,国际政治,范若兰,国际政治名著导读,nan,20190621,文科馆政经法阅览室
2464774dbb14bf438cf6b9f620e87119,国际政治,"拜根兴,",唐朝与新罗关系史论,nan,20190621,文科馆1号密集书库
b238239e449a5651a56f44afa4b0cfd9,社会科学试验班,高柏,日本经济的悖论,nan,20200224,文科馆政经法阅览室
b238239e449a5651a56f44afa4b0cfd9,社会科学试验班,禹贞恩,发展型国家,nan,20200124,国务学院资料室
b238239e449a5651a56f44afa4b0cfd9,社会科学试验班,陈其人,南北经济关系研究,nan,20191223,国务学院资料室
0ce8035445cf7a5a7a59db8cad2bd66a,社会科学试验班,李丹,理解农民中国,nan,20210107,文科馆政经法阅览室
0ce8035445cf7a5a7a59db8cad2bd66a,社会科学试验班,刘小枫,现代人及其敌人,nan,20201231,文科馆文科综合书库
0ce8035445cf7a5a7a59db8cad2bd66a,社会科学试验班,米勒,危险的心灵,nan,已催还20201123,文科馆文科综合书库
0ce8035445cf7a5a7a59db8cad2bd66a,社会科学试验班,瑟维斯,国家与文明的起源,nan,20201123,文科馆政经法阅览室
0ce8035445cf7a5a7a59db8cad2bd66a,社会科学试验班,葛兰西,狱中札记,nan,20201110,文科馆1号密集书库
0ce8035445cf7a5a7a59db8cad2bd66a,社会科学试验班,乔纳蒂,自我耗竭式演进,nan,20201110,文科馆1号密集书库
0ce8035445cf7a5a7a59db8cad2bd66a,社会科学试验班,拉克曼,不由自主的资产阶级,nan,20201109,文科馆政经法阅览室
0ce8035445cf7a5a7a59db8cad2bd66a,社会科学试验班,波科克,德行、商业和历史,nan,20201109,文科馆政经法阅览室
0ce8035445cf7a5a7a59db8cad2bd66a,社会科学试验班,汪晖,汪晖自选集,nan,20201109,文科馆文科综合书库
0ce8035445cf7a5a7a59db8cad2bd66a,社会科学试验班,"陈之迈,",中国政府,nan,20201016,国务学院资料室
0ce8035445cf7a5a7a59db8cad2bd66a,社会科学试验班,"杜赞奇,",从民族国家拯救历史,nan,20201016,国务学院资料室
0ce8035445cf7a5a7a59db8cad2bd66a,社会科学试验班,王兆刚,国民党训政体制研究,nan,20201016,国务学院资料室
0ce8035445cf7a5a7a59db8cad2bd66a,社会科学试验班,李仲生,人口经济学,nan,20200930,文科馆文科综合书库
0ce8035445cf7a5a7a59db8cad2bd66a,社会科学试验班,"刘大可,",传统客家村落社会研究,nan,20200224,文科馆文科综合书库
0ce8035445cf7a5a7a59db8cad2bd66a,社会科学试验班,丘桓兴,客家人与客家文化,nan,20200224,文科馆文科综合书库
0ce8035445cf7a5a7a59db8cad2bd66a,社会科学试验班,孙键,台湾的客家人,nan,20200224,文科馆文科综合书库
0ce8035445cf7a5a7a59db8cad2bd66a,社会科学试验班,王建周,客家文化与产业发展研究,nan,20200224,文科馆文科综合书库
0ce8035445cf7a5a7a59db8cad2bd66a,社会科学试验班,"刘加洪,",社会主义核心价值体系视阈下的客家优良传统,nan,20200224,文科馆文科综合书库
0ce8035445cf7a5a7a59db8cad2bd66a,社会科学试验班,"张乾友,",社会治理的话语重构,nan,20200221,文科馆文科综合书库
0ce8035445cf7a5a7a59db8cad2bd66a,社会科学试验班,上海书店出版社,清代文字狱档,nan,20200217,文科馆文科综合书库
0ce8035445cf7a5a7a59db8cad2bd66a,社会科学试验班,"黄裳,",笔祸史谈丛,nan,20200217,文科馆文科综合书库
0ce8035445cf7a5a7a59db8cad2bd66a,社会科学试验班,史景迁,雍正王朝之大义觉迷,nan,20200217,文科馆文科综合书库
0ce8035445cf7a5a7a59db8cad2bd66a,社会科学试验班,"费孝通,",美好社会与美美与共,nan,20200131,文科馆文科综合书库
0ce8035445cf7a5a7a59db8cad2bd66a,社会科学试验班,"和少英,",社会文化人类学初探,nan,20200130,文科馆文科综合书库
0ce8035445cf7a5a7a59db8cad2bd66a,社会科学试验班,莱维-斯特劳斯,结构人类学,nan,20200130,文科馆文科综合书库
0ce8035445cf7a5a7a59db8cad2bd66a,社会科学试验班,戴维斯,生命的寻路人,nan,20200130,文科馆文科综合书库
0ce8035445cf7a5a7a59db8cad2bd66a,社会科学试验班,"中根千枝,",未开的脸与文明的脸,nan,20200130,文科馆文科综合书库
0ce8035445cf7a5a7a59db8cad2bd66a,社会科学试验班,"林惠祥,",文化人类学,nan,20200130,文科馆文科综合书库
0ce8035445cf7a5a7a59db8cad2bd66a,社会科学试验班,"子安宣邦,",近代日本的亚洲观,nan,20200120,文科馆政经法阅览室
0ce8035445cf7a5a7a59db8cad2bd66a,社会科学试验班,李卓,日本近世史,nan,20200120,文科馆文科综合书库
0ce8035445cf7a5a7a59db8cad2bd66a,社会科学试验班,李新,中华民国史,nan,20191231,文科馆文科综合书库
0ce8035445cf7a5a7a59db8cad2bd66a,社会科学试验班,刘劲松,民初议会政治研究,nan,20191231,文科馆政经法阅览室
0ce8035445cf7a5a7a59db8cad2bd66a,社会科学试验班,"丁中江,",北洋军阀史话,nan,20191231,文科馆文科综合书库
0ce8035445cf7a5a7a59db8cad2bd66a,社会科学试验班,"谷丽娟,",中华民国国会史,nan,20191231,文科馆政经法阅览室
0ce8035445cf7a5a7a59db8cad2bd66a,社会科学试验班,"沈洁,",1912年颠沛的共和,nan,20191231,文科馆文科综合书库
0ce8035445cf7a5a7a59db8cad2bd66a,社会科学试验班,"张皓,",派系集团之争与民国政治走向,nan,20191202,国务学院资料室
0ce8035445cf7a5a7a59db8cad2bd66a,社会科学试验班,"谷丽娟,",中华民国国会史,nan,20191202,国务学院资料室
0ce8035445cf7a5a7a59db8cad2bd66a,社会科学试验班,"严泉,",民国初年的国会政治,nan,20191202,国务学院资料室
0ce8035445cf7a5a7a59db8cad2bd66a,社会科学试验班,程舒伟,议会政治与近代中国,nan,20191118,江湾1号密集书库
0ce8035445cf7a5a7a59db8cad2bd66a,社会科学试验班,廖大伟,辛亥革命与民初政治转型,nan,20191111,文科馆文科综合书库
0ce8035445cf7a5a7a59db8cad2bd66a,社会科学试验班,"黎澍,",辛亥革命与袁世凯,nan,20191111,文科馆文科综合书库
0ce8035445cf7a5a7a59db8cad2bd66a,社会科学试验班,张华腾,辛亥革命与袁世凯,nan,20191111,文科馆文科综合书库
0ce8035445cf7a5a7a59db8cad2bd66a,社会科学试验班,李新,中华民国史,nan,20191111,文科馆文科综合书库
0ce8035445cf7a5a7a59db8cad2bd66a,社会科学试验班,李新,中华民国史,nan,20191111,文科馆文科综合书库
0ce8035445cf7a5a7a59db8cad2bd66a,社会科学试验班,费正清,剑桥中华民国史,nan,20191111,文科馆文科综合书库
0ce8035445cf7a5a7a59db8cad2bd66a,社会科学试验班,"陈恭禄,",中国近代史,nan,20191107,文科馆文科综合书库
0ce8035445cf7a5a7a59db8cad2bd66a,社会科学试验班,"陈恭禄,",中国近代史,nan,20191107,文科馆文科综合书库
0ce8035445cf7a5a7a59db8cad2bd66a,社会科学试验班,沙培德,战争与革命交织的近代中国,nan,20191107,文科馆文科综合书库
0ce8035445cf7a5a7a59db8cad2bd66a,社会科学试验班,刘伟,近代中国的社会转型与制度变迁,nan,20191107,文科馆文科综合书库
0ce8035445cf7a5a7a59db8cad2bd66a,社会科学试验班,"傅国涌,",主角与配角,nan,20191107,文科馆文科综合书库
0ce8035445cf7a5a7a59db8cad2bd66a,社会科学试验班,"奥斯特罗姆,",美国联邦主义,nan,20190529,江湾馆文科借阅区
0ce8035445cf7a5a7a59db8cad2bd66a,社会科学试验班,"林尚立,",中国共产党与国家建设,nan,20190529,文科馆政经法阅览室
0ce8035445cf7a5a7a59db8cad2bd66a,社会科学试验班,"曹琦,",复杂自适应系统联合仿真建模理论及应用,nan,20190529,理科馆应用学科借阅室
0ce8035445cf7a5a7a59db8cad2bd66a,社会科学试验班,贾姆什迪,体系工程,nan,20190529,理科馆理科书库
0ce8035445cf7a5a7a59db8cad2bd66a,社会科学试验班,"白世贞,",供应链复杂系统建模与仿真,nan,20190529,文科馆政经法阅览室
0ce8035445cf7a5a7a59db8cad2bd66a,社会科学试验班,齐格勒,体系建模与仿真,nan,20190529,理科馆应用学科借阅室
0ce8035445cf7a5a7a59db8cad2bd66a,社会科学试验班,林尚立,论人民民主,nan,20190529,文科馆政经法阅览室
0ce8035445cf7a5a7a59db8cad2bd66a,社会科学试验班,傅高义,日本第一,nan,已催还20190529,文科馆政经法阅览室
0ce8035445cf7a5a7a59db8cad2bd66a,社会科学试验班,"费孝通,",江村经济,nan,20190529,文科馆政经法阅览室
0ce8035445cf7a5a7a59db8cad2bd66a,社会科学试验班,洪涛,逻各斯与空间,nan,20190501,国务学院资料室
0ce8035445cf7a5a7a59db8cad2bd66a,社会科学试验班,洪涛,逻各斯与空间,nan,20190501,国务学院资料室
0ce8035445cf7a5a7a59db8cad2bd66a,社会科学试验班,洪涛,逻各斯与空间,nan,20190501,国务学院资料室
0ce8035445cf7a5a7a59db8cad2bd66a,社会科学试验班,刘大杰,魏晋思想论,nan,20180720,文科馆文科综合书库
0ce8035445cf7a5a7a59db8cad2bd66a,社会科学试验班,王妙纯,魏晉士人的生死關懷,nan,20180720,文科馆文科综合书库
0ce8035445cf7a5a7a59db8cad2bd66a,社会科学试验班,屈守元,文选,nan,20180504,文科馆文学艺术书库
0ce8035445cf7a5a7a59db8cad2bd66a,社会科学试验班,波普诺,社会学,nan,20171106,文科馆文科综合书库
33d307027d9488d57aa2ed9b8f80b2d1,社会科学试验班,涂尔干,哲学讲稿,nan,20180314,文科馆文科综合书库
33d307027d9488d57aa2ed9b8f80b2d1,社会科学试验班,渠敬东,涂尔干,nan,20180314,文科馆文科综合书库
33d307027d9488d57aa2ed9b8f80b2d1,社会科学试验班,迪尔凯姆,职业伦理与公民道德,nan,20180314,文科馆文科综合书库
33d307027d9488d57aa2ed9b8f80b2d1,社会科学试验班,渠敬东,现代社会中的人性及教育,nan,20180314,文科馆文科综合书库
c617cd7c59302d0833d6055bfef52119,社会科学试验班,刘金涛,老年人长期护理保险制度研究,nan,20200930,文科馆政经法阅览室
c617cd7c59302d0833d6055bfef52119,社会科学试验班,住居广士,日本介护保险,nan,20200930,文科馆政经法阅览室
c617cd7c59302d0833d6055bfef52119,社会科学试验班,和红,社会长期照护保险制度研究,nan,20200930,文科馆政经法阅览室
c617cd7c59302d0833d6055bfef52119,社会科学试验班,权彤,战后日本养老社会保障制度变迁研究,nan,20200930,文科馆政经法阅览室
c617cd7c59302d0833d6055bfef52119,社会科学试验班,戴卫东,长期护理保险,nan,20200930,文科馆政经法阅览室
c617cd7c59302d0833d6055bfef52119,社会科学试验班,荆涛,长期护理保险理论与实践研究,nan,20200930,文科馆政经法阅览室
c617cd7c59302d0833d6055bfef52119,社会科学试验班,"朱国宏,",经济社会学,nan,20200305,文科馆政经法阅览室
c617cd7c59302d0833d6055bfef52119,社会科学试验班,"周长城,",经济社会学,nan,20200305,文科馆政经法阅览室
c617cd7c59302d0833d6055bfef52119,社会科学试验班,"刘世定,",经济社会学,nan,20200305,文科馆政经法阅览室
c617cd7c59302d0833d6055bfef52119,社会科学试验班,"郑秉文,",中国养老金发展报告,nan,已催还20191120,文科馆1号密集书库
c617cd7c59302d0833d6055bfef52119,社会科学试验班,"清圣祖,",日讲,nan,20180108,文科馆文科综合书库
c617cd7c59302d0833d6055bfef52119,社会科学试验班,"鲍江,",娲皇宫志,nan,20180108,文科馆文科综合书库
c617cd7c59302d0833d6055bfef52119,社会科学试验班,胡安宁,宗教社会学,nan,20171127,文科馆文科综合书库
c617cd7c59302d0833d6055bfef52119,社会科学试验班,"内山完造, 渡边秀方, 原兵卫",三只眼睛看中国,nan,20171127,文科馆文科综合书库
c617cd7c59302d0833d6055bfef52119,社会科学试验班,"萧良有,",龙文鞭影,nan,20171120,文科馆文科综合书库
c617cd7c59302d0833d6055bfef52119,社会科学试验班,李伟,中国帝王秘闻轶事,nan,20171120,文科馆文科综合书库
c617cd7c59302d0833d6055bfef52119,社会科学试验班,布鲁克斯,僵尸生存指南,nan,20171113,文科馆文科综合书库
c617cd7c59302d0833d6055bfef52119,社会科学试验班,丹尼肯,神是宇航员,nan,20171113,文科馆文科综合书库
c617cd7c59302d0833d6055bfef52119,社会科学试验班,范丽珠,宗教社会学,nan,20171113,文科馆文科综合书库
6c8af4b25eabb182454ca5804dff72ad,社会科学试验班,宋功德,党规之治,nan,已催还20201202,江湾馆4号密集书库
6c8af4b25eabb182454ca5804dff72ad,社会科学试验班,艾四林,马列主义经典著作导读,nan,已催还20201126,文科馆文科综合书库
6c8af4b25eabb182454ca5804dff72ad,社会科学试验班,陀思妥耶夫斯基,白痴,nan,20190905,文科馆文学艺术书库
6c8af4b25eabb182454ca5804dff72ad,社会科学试验班,杨天宇,周礼译注,nan,20190617,文科馆文科综合书库
6c8af4b25eabb182454ca5804dff72ad,社会科学试验班,库宾,野蛮人来临,nan,20190617,文科馆文科综合书库
6c8af4b25eabb182454ca5804dff72ad,社会科学试验班,李零,去圣乃得真孔子,nan,20190603,医科馆密集库
6c8af4b25eabb182454ca5804dff72ad,社会科学试验班,陀思妥耶夫斯基,白痴,nan,20190531,文科馆文学艺术书库
6c8af4b25eabb182454ca5804dff72ad,社会科学试验班,"沃格林,",希特勒与德国人,nan,20190429,文科馆文科综合书库
6c8af4b25eabb182454ca5804dff72ad,社会科学试验班,曹锦清,黄河边的中国,nan,20190429,文科馆文学艺术书库
6c8af4b25eabb182454ca5804dff72ad,社会科学试验班,舍勒,同情感与他者,nan,20190429,文科馆文科综合书库
6c8af4b25eabb182454ca5804dff72ad,社会科学试验班,昆德拉,被背叛的遗嘱,nan,20190429,文科馆文学艺术书库
6c8af4b25eabb182454ca5804dff72ad,社会科学试验班,舍勒,世界观与政治领袖,nan,20190429,文科馆文科综合书库
6c8af4b25eabb182454ca5804dff72ad,社会科学试验班,"海德格尔,","人,诗意地安居",nan,20190429,文科馆文科综合书库
6c8af4b25eabb182454ca5804dff72ad,社会科学试验班,"舍勒,",哲学与世界观,nan,20190208,文科馆文科综合书库
6c8af4b25eabb182454ca5804dff72ad,社会科学试验班,唐爱军,马克斯·韦伯的现代性理论研究,nan,20190208,文科馆文科综合书库
6c8af4b25eabb182454ca5804dff72ad,社会科学试验班,"余英时,",士与中国文化,nan,20181224,文科馆政经法阅览室
6c8af4b25eabb182454ca5804dff72ad,社会科学试验班,科斯,变革中国,nan,已催还20181224,文科馆政经法阅览室
6c8af4b25eabb182454ca5804dff72ad,社会科学试验班,海明威,永别了，武器,nan,20181224,文科馆文学艺术书库
6c8af4b25eabb182454ca5804dff72ad,社会科学试验班,刘世洁,古希腊神话故事,nan,20181224,文科馆文学艺术书库
6c8af4b25eabb182454ca5804dff72ad,社会科学试验班,"威尔逊,",官僚机构,nan,20181105,文科馆政经法阅览室
6c8af4b25eabb182454ca5804dff72ad,社会科学试验班,鲁宾,阶级、税收和权力,nan,20181105,文科馆政经法阅览室
6c8af4b25eabb182454ca5804dff72ad,社会科学试验班,柯什纳,货币与强制,nan,已催还20181105,文科馆政经法阅览室
6c8af4b25eabb182454ca5804dff72ad,社会科学试验班,"老舍,",断魂枪,nan,20180906,文科馆文学艺术书库
6c8af4b25eabb182454ca5804dff72ad,社会科学试验班,东野茵陈,世界著名钻石小说660篇,nan,20180905,文科馆文学艺术书库
6c8af4b25eabb182454ca5804dff72ad,社会科学试验班,古龙,碧血洗银枪,nan,20180727,文科馆文学艺术书库
6c8af4b25eabb182454ca5804dff72ad,社会科学试验班,"刘大钧,",上海工业化研究,nan,20180727,文科馆政经法阅览室
6c8af4b25eabb182454ca5804dff72ad,社会科学试验班,涂尔干,社会分工论,nan,20180720,文科馆政经法阅览室
6c8af4b25eabb182454ca5804dff72ad,社会科学试验班,唐缺,九州,nan,20180720,江湾馆文科借阅区
6c8af4b25eabb182454ca5804dff72ad,社会科学试验班,叶皓,突发事件的舆论引导,nan,20180711,文科馆文科综合书库
6c8af4b25eabb182454ca5804dff72ad,社会科学试验班,福柯,规训与惩罚,nan,20180710,江湾馆文科借阅区
6c8af4b25eabb182454ca5804dff72ad,社会科学试验班,太宰治,人间失格,nan,20180705,文科馆文学艺术书库
6c8af4b25eabb182454ca5804dff72ad,社会科学试验班,娄林,《理想国》的内与外,nan,20180705,文科馆文科综合书库
6c8af4b25eabb182454ca5804dff72ad,社会科学试验班,孙昌武,佛教与中国文学,nan,20180705,文科馆文科综合书库
6c8af4b25eabb182454ca5804dff72ad,社会科学试验班,鲁滨逊,柏拉图的次优城邦,nan,20180705,文科馆文科综合书库
6c8af4b25eabb182454ca5804dff72ad,社会科学试验班,杨俊明,古埃及文化知识图本,nan,20180705,文科馆文科综合书库
6c8af4b25eabb182454ca5804dff72ad,社会科学试验班,"特纳,",社会学理论的结构,nan,20180705,文科馆文科综合书库
6c8af4b25eabb182454ca5804dff72ad,社会科学试验班,"布罗姆,",晕眩年代,nan,20180705,文科馆文科综合书库
6c8af4b25eabb182454ca5804dff72ad,社会科学试验班,代马依风,澳大利亚的廉政观察,nan,20180705,文科馆政经法阅览室
6c8af4b25eabb182454ca5804dff72ad,社会科学试验班,许海山,古埃及简史,nan,20180705,文科馆文科综合书库
6c8af4b25eabb182454ca5804dff72ad,社会科学试验班,"穆尔,",伦理学原理,nan,20180705,文科馆文科综合书库
6c8af4b25eabb182454ca5804dff72ad,社会科学试验班,"克里斯蒂,",啤酒谋杀案,nan,20180704,文科馆文学艺术书库
6c8af4b25eabb182454ca5804dff72ad,社会科学试验班,"贝尔格拉夫,",丑妇与豪侠,nan,20180528,文科馆文科综合书库
6c8af4b25eabb182454ca5804dff72ad,社会科学试验班,克里斯蒂,圣诞奇案,nan,20180521,文科馆文学艺术书库
6c8af4b25eabb182454ca5804dff72ad,社会科学试验班,阿伦特,艾希曼在耶路撒冷,nan,已催还20180518,文科馆文科综合书库
6c8af4b25eabb182454ca5804dff72ad,社会科学试验班,赫勒,困局经济学,nan,20180515,文科馆政经法阅览室
6c8af4b25eabb182454ca5804dff72ad,社会科学试验班,戴维,古代埃及社会生活,nan,已催还20180510,文科馆文科综合书库
6c8af4b25eabb182454ca5804dff72ad,社会科学试验班,柏拉图,理想国,nan,20180510,文科馆文科综合书库
6c8af4b25eabb182454ca5804dff72ad,社会科学试验班,金寿福,法老,nan,已催还20180510,文科馆文科综合书库
6c8af4b25eabb182454ca5804dff72ad,社会科学试验班,博克斯,公民治理,nan,20180314,文科馆政经法阅览室
6c8af4b25eabb182454ca5804dff72ad,社会科学试验班,韦纳,古罗马的性与权力,nan,20180314,文科馆文科综合书库
6c8af4b25eabb182454ca5804dff72ad,社会科学试验班,李雅书,古代罗马史,nan,20180314,文科馆文科综合书库
6c8af4b25eabb182454ca5804dff72ad,社会科学试验班,毛姆,月亮和六便士,nan,20180314,文科馆文学艺术书库
6c8af4b25eabb182454ca5804dff72ad,社会科学试验班,戴尔,"然而, 很美",nan,20180314,文科馆文科综合书库
6c8af4b25eabb182454ca5804dff72ad,社会科学试验班,"李洱,",花腔,nan,20180221,文科馆文学艺术书库
6c8af4b25eabb182454ca5804dff72ad,社会科学试验班,克罗,大屠杀,nan,20180219,文科馆文科综合书库
6c8af4b25eabb182454ca5804dff72ad,社会科学试验班,卡赞扎基斯,基督最后的诱惑,nan,20180219,文科馆文学艺术书库
6c8af4b25eabb182454ca5804dff72ad,社会科学试验班,李零,人往低处走,nan,20180206,文科馆文科综合书库
6c8af4b25eabb182454ca5804dff72ad,社会科学试验班,黄瑞云,老子本原,nan,20180206,文科馆文科综合书库
6c8af4b25eabb182454ca5804dff72ad,社会科学试验班,南怀瑾,老子他说,nan,20180206,文科馆文科综合书库
6c8af4b25eabb182454ca5804dff72ad,社会科学试验班,黑塞,流浪者之歌,nan,20180122,文科馆文学艺术书库
6c8af4b25eabb182454ca5804dff72ad,社会科学试验班,菲茨杰拉德,"返老还童, 又名, 本杰明·巴顿奇事",nan,20180118,文科馆文科综合书库
6c8af4b25eabb182454ca5804dff72ad,社会科学试验班,"老舍,",四世同堂,nan,20180115,文科馆文学艺术书库
6c8af4b25eabb182454ca5804dff72ad,社会科学试验班,"老舍,",骆驼祥子,nan,20180115,文科馆文学艺术书库
6c8af4b25eabb182454ca5804dff72ad,社会科学试验班,博克斯,公民治理,nan,20180111,文科馆政经法阅览室
6c8af4b25eabb182454ca5804dff72ad,社会科学试验班,"老舍,",老舍文集,nan,20180108,文科馆文学艺术书库
6c8af4b25eabb182454ca5804dff72ad,社会科学试验班,古德诺,政治与行政,nan,20180101,文科馆政经法阅览室
6c8af4b25eabb182454ca5804dff72ad,社会科学试验班,甘地,甘地自传,nan,已催还20171113,文科馆文科综合书库
6c8af4b25eabb182454ca5804dff72ad,社会科学试验班,"张光杰,",中国法律概论,nan,20171108,文科馆政经法阅览室
6c8af4b25eabb182454ca5804dff72ad,社会科学试验班,"王尔德,",夜莺与玫瑰,nan,20171107,文科馆文学艺术书库
0e14431ed3f03690fa3c696a44f9a290,社会科学试验班,"黄群慧,",中国工业化进程报告,nan,20210208,江湾馆4号密集书库
0e14431ed3f03690fa3c696a44f9a290,社会科学试验班,陈佳贵,中国工业化进程报告,nan,20210208,江湾馆4号密集书库
0e14431ed3f03690fa3c696a44f9a290,社会科学试验班,李培林,新中国社会建设70年,nan,20210204,文科馆政经法阅览室
0e14431ed3f03690fa3c696a44f9a290,社会科学试验班,"蔡昉,",新中国经济建设70年,nan,20210204,文科馆政经法阅览室
0e14431ed3f03690fa3c696a44f9a290,社会科学试验班,"闫坤,",新中国财政学研究70年,nan,20210204,文科馆政经法阅览室
0e14431ed3f03690fa3c696a44f9a290,社会科学试验班,李平,新中国技术经济研究70年,nan,20210204,文科馆政经法阅览室
0e14431ed3f03690fa3c696a44f9a290,社会科学试验班,"楼继伟,",新中国财税发展70年,nan,20210204,文科馆政经法阅览室
0e14431ed3f03690fa3c696a44f9a290,社会科学试验班,王京清,新中国社会主义发展道路70年,nan,20210204,文科馆政经法阅览室
0e14431ed3f03690fa3c696a44f9a290,社会科学试验班,"夏杰长,",新中国服务经济研究70年,nan,20210204,文科馆政经法阅览室
0e14431ed3f03690fa3c696a44f9a290,社会科学试验班,杨伟民,新中国发展规划70年,nan,20210204,文科馆政经法阅览室
0e14431ed3f03690fa3c696a44f9a290,社会科学试验班,谭崇台,发达国家发展初期与当今发展中国家经济发展比较研究,nan,20210201,江湾馆4号密集书库
0e14431ed3f03690fa3c696a44f9a290,社会科学试验班,陈岱孙,政治经济学史,nan,20210201,张江馆张江书库
0e14431ed3f03690fa3c696a44f9a290,社会科学试验班,"金冲及,",二十世纪中国史纲,nan,20210129,文科馆文科综合书库
0e14431ed3f03690fa3c696a44f9a290,社会科学试验班,"金冲及,",二十世纪中国史纲,nan,20210129,文科馆文科综合书库
0e14431ed3f03690fa3c696a44f9a290,社会科学试验班,"金冲及,",二十世纪中国史纲,nan,20210129,文科馆文科综合书库
0e14431ed3f03690fa3c696a44f9a290,社会科学试验班,"金冲及,",二十世纪中国史纲,nan,20210129,文科馆文科综合书库
0e14431ed3f03690fa3c696a44f9a290,社会科学试验班,"赵德馨,",中国近现代经济史,nan,20210129,文科馆政经法阅览室
0e14431ed3f03690fa3c696a44f9a290,社会科学试验班,张培刚,新发展经济学,nan,20210129,文科馆政经法阅览室
0e14431ed3f03690fa3c696a44f9a290,社会科学试验班,德沃金,法律帝国,nan,20201214,国务学院资料室
0e14431ed3f03690fa3c696a44f9a290,社会科学试验班,"王绍光,",中国式共识型决策“开门”与“磨合”,nan,20201116,国务学院资料室
0e14431ed3f03690fa3c696a44f9a290,社会科学试验班,"傅谨,",京剧学前沿,nan,20180820,文科馆文学艺术书库
0e14431ed3f03690fa3c696a44f9a290,社会科学试验班,莫丽芸,中国京剧,nan,20180820,文科馆文学艺术书库
0e14431ed3f03690fa3c696a44f9a290,社会科学试验班,"王尔敏,",京剧书简,nan,20180820,文科馆文学艺术书库
0e14431ed3f03690fa3c696a44f9a290,社会科学试验班,"邱之辰,",戏迷说戏,nan,20180820,文科馆文学艺术书库
0e14431ed3f03690fa3c696a44f9a290,社会科学试验班,董维贤,京剧流派,nan,20180820,文科馆文学艺术书库
d9c477169f8c148605772b45f8b660c1,社会科学试验班,薛庆超,中华人民共和国的诞生与巩固,nan,20180125,文科馆文科综合书库
d9c477169f8c148605772b45f8b660c1,社会科学试验班,苏志宏,马克思主义原著及重要文献选读,nan,20180115,文科馆文科综合书库
d9c477169f8c148605772b45f8b660c1,社会科学试验班,青子,读者文摘精华,nan,20180115,文科馆文科综合书库
d9c477169f8c148605772b45f8b660c1,社会科学试验班,陶尚芸,微表情洞察人心,nan,20180109,文科馆文科综合书库
ea41bc39bad659cf1c9870405b214574,社会科学试验班,"苏力,",送法下乡,nan,20200131,江湾馆文科借阅区
ea41bc39bad659cf1c9870405b214574,社会科学试验班,陈新宇,寻找法律史上的失踪者,nan,20200127,文科馆文科综合书库
ea41bc39bad659cf1c9870405b214574,社会科学试验班,李贵连,沈家本传,nan,20200113,文科馆1号密集书库
ea41bc39bad659cf1c9870405b214574,社会科学试验班,宋慈,洗冤集录,nan,20200113,医科馆密集库
ea41bc39bad659cf1c9870405b214574,社会科学试验班,"郭建,",古人的天平,nan,20200113,江湾馆3号密集书库
ea41bc39bad659cf1c9870405b214574,社会科学试验班,冯象,木腿正义,nan,已催还20191219,江湾馆文科借阅区
ea41bc39bad659cf1c9870405b214574,社会科学试验班,士尔,两界书,nan,20191129,文科馆文科综合书库
ea41bc39bad659cf1c9870405b214574,社会科学试验班,"鲍志成,",南宋临安宗教,nan,20191129,文科馆文科综合书库
ea41bc39bad659cf1c9870405b214574,社会科学试验班,韦勒,江南地区的宗教与公共生活,nan,20191129,文科馆文科综合书库
ea41bc39bad659cf1c9870405b214574,社会科学试验班,曹晓波,老底子杭州话,nan,20190211,文科馆文科综合书库
ea41bc39bad659cf1c9870405b214574,社会科学试验班,马克思,资本论,nan,20190204,文科馆文科综合书库
ea41bc39bad659cf1c9870405b214574,社会科学试验班,马克思,《政治经济学批判》序言、导言,nan,20190125,江湾1号密集书库
ea41bc39bad659cf1c9870405b214574,社会科学试验班,托克维尔,论美国的民主,nan,20190118,文科馆政经法阅览室
ea41bc39bad659cf1c9870405b214574,社会科学试验班,托克维尔,论美国的民主,nan,20190118,文科馆政经法阅览室
ea41bc39bad659cf1c9870405b214574,社会科学试验班,马克思,资本论,nan,20190111,文科馆文科综合书库
ea41bc39bad659cf1c9870405b214574,社会科学试验班,马克思,资本论,nan,20181210,文科馆文科综合书库
ea41bc39bad659cf1c9870405b214574,社会科学试验班,崔希亮,语言学概论,nan,20181113,文科馆文科综合书库
ea41bc39bad659cf1c9870405b214574,社会科学试验班,"徐越,",浙北杭嘉湖方言语音研究,nan,20181113,文科馆文科综合书库
ea41bc39bad659cf1c9870405b214574,社会科学试验班,徐越,钱塘江方言,nan,20181113,文科馆文科综合书库
ea41bc39bad659cf1c9870405b214574,社会科学试验班,颜逸明,吴语概说,nan,20181113,文科馆文科综合书库
ea41bc39bad659cf1c9870405b214574,社会科学试验班,"斯密,",道德情操论,nan,20181112,文科馆文科综合书库
ea41bc39bad659cf1c9870405b214574,社会科学试验班,北京大学经济系,《＜政治经济学批判＞序言、导言》解说,nan,20181112,文科馆文科综合书库
ea41bc39bad659cf1c9870405b214574,社会科学试验班,波普诺,社会学,nan,20180314,文科馆文科综合书库
ea41bc39bad659cf1c9870405b214574,社会科学试验班,王沪宁,美国反对美国,nan,已催还20171229,江湾1号密集书库
ea41bc39bad659cf1c9870405b214574,社会科学试验班,钟家栋,复旦大学文科学术年刊,nan,20171106,文科馆文科综合书库
520b459b2115a5ee265b3adeb7bb3a72,社会科学试验班,入江昭,权力与文化,nan,20200930,文科馆政经法阅览室
520b459b2115a5ee265b3adeb7bb3a72,社会科学试验班,大畑笃四郎,简明日本外交史,nan,20200227,文科馆政经法阅览室
520b459b2115a5ee265b3adeb7bb3a72,社会科学试验班,[信夫清三郎,甲午日本外交内幕,nan,20200227,文科馆政经法阅览室
520b459b2115a5ee265b3adeb7bb3a72,社会科学试验班,"石井宽治,",日本的对外战略,nan,20200227,文科馆政经法阅览室
520b459b2115a5ee265b3adeb7bb3a72,社会科学试验班,"米庆余,",日本近现代外交史,nan,20200227,文科馆政经法阅览室
520b459b2115a5ee265b3adeb7bb3a72,社会科学试验班,荷马,奥德赛,nan,20200227,文科馆文学艺术书库
520b459b2115a5ee265b3adeb7bb3a72,社会科学试验班,布克哈特,希腊人和希腊文明,nan,20200227,文科馆文科综合书库
520b459b2115a5ee265b3adeb7bb3a72,社会科学试验班,柏拉图,柏拉图文集,nan,20200227,文科馆文科综合书库
520b459b2115a5ee265b3adeb7bb3a72,社会科学试验班,"沈予,",日本大陆政策史,nan,20200227,文科馆政经法阅览室
520b459b2115a5ee265b3adeb7bb3a72,社会科学试验班,"赫西奥德,",神谱,nan,20200227,文科馆文学艺术书库
520b459b2115a5ee265b3adeb7bb3a72,社会科学试验班,信夫清三郎,日本外交史,nan,20200227,文科馆政经法阅览室
520b459b2115a5ee265b3adeb7bb3a72,社会科学试验班,荷马,荷马史诗·伊利亚特,nan,20200227,文科馆文学艺术书库
520b459b2115a5ee265b3adeb7bb3a72,社会科学试验班,王力,龙虫并雕斋文集,nan,20200221,文科馆文科综合书库
520b459b2115a5ee265b3adeb7bb3a72,社会科学试验班,曼,社会权力的来源,nan,已催还20191125,文科馆政经法阅览室
520b459b2115a5ee265b3adeb7bb3a72,社会科学试验班,温特,国际政治的社会理论,nan,20190906,文科馆政经法阅览室
520b459b2115a5ee265b3adeb7bb3a72,社会科学试验班,"林劲,",当代台湾政党互动分析,nan,20190906,文科馆政经法阅览室
520b459b2115a5ee265b3adeb7bb3a72,社会科学试验班,卓南生,汉城二十年风云录,nan,20190906,文科馆政经法阅览室
520b459b2115a5ee265b3adeb7bb3a72,社会科学试验班,"黄嘉树,",台湾选举研究,nan,20190906,文科馆政经法阅览室
520b459b2115a5ee265b3adeb7bb3a72,社会科学试验班,"李立,",台湾政党政治发展史,nan,20190906,文科馆政经法阅览室
520b459b2115a5ee265b3adeb7bb3a72,社会科学试验班,张光军,韩国执政党研究,nan,20190906,文科馆政经法阅览室
520b459b2115a5ee265b3adeb7bb3a72,社会科学试验班,许介鳞,李登辉与台湾政治,nan,20190906,文科馆政经法阅览室
520b459b2115a5ee265b3adeb7bb3a72,社会科学试验班,"尹保云,",民主与本土文化,nan,20190906,文科馆政经法阅览室
520b459b2115a5ee265b3adeb7bb3a72,社会科学试验班,韩大元,韩国国会,nan,20190906,文科馆政经法阅览室
520b459b2115a5ee265b3adeb7bb3a72,社会科学试验班,"郭定平,",韩国政治转型研究,nan,20190906,文科馆政经法阅览室
520b459b2115a5ee265b3adeb7bb3a72,社会科学试验班,林冈,台湾地区政党政治研究,nan,20190906,文科馆政经法阅览室
520b459b2115a5ee265b3adeb7bb3a72,社会科学试验班,温特,国际政治的社会理论,nan,20190905,文科馆政经法阅览室
520b459b2115a5ee265b3adeb7bb3a72,社会科学试验班,杨奎松,冷战时期的中国对外关系,nan,20190822,文科馆政经法阅览室
520b459b2115a5ee265b3adeb7bb3a72,社会科学试验班,叶自成,新中国外交思想,nan,20190822,文科馆政经法阅览室
520b459b2115a5ee265b3adeb7bb3a72,社会科学试验班,唐晋,大外交,nan,20190822,文科馆政经法阅览室
520b459b2115a5ee265b3adeb7bb3a72,社会科学试验班,"周杰,",日本选举制度改革探究,nan,20190808,文科馆政经法阅览室
520b459b2115a5ee265b3adeb7bb3a72,社会科学试验班,"徐万胜,",冷战后日本政党体制转型研究,nan,20190808,文科馆政经法阅览室
520b459b2115a5ee265b3adeb7bb3a72,社会科学试验班,"周杰,",日本选举制度改革探究,nan,20190808,文科馆政经法阅览室
520b459b2115a5ee265b3adeb7bb3a72,社会科学试验班,"徐万胜,",冷战后日本政党体制转型研究,nan,20190808,文科馆政经法阅览室
520b459b2115a5ee265b3adeb7bb3a72,社会科学试验班,熊志勇,美国政治与外交决策,nan,20190723,文科馆政经法阅览室
520b459b2115a5ee265b3adeb7bb3a72,社会科学试验班,戴维,美国对外政策,nan,20190723,文科馆政经法阅览室
520b459b2115a5ee265b3adeb7bb3a72,社会科学试验班,刘文祥,美国外交决策中的国会与总统,nan,20190723,文科馆政经法阅览室
520b459b2115a5ee265b3adeb7bb3a72,社会科学试验班,"张伯玉,",日本政党制度政治生态分析,nan,20190708,文科馆政经法阅览室
520b459b2115a5ee265b3adeb7bb3a72,社会科学试验班,"郭定平,",韩国政治转型研究,nan,20190708,文科馆政经法阅览室
520b459b2115a5ee265b3adeb7bb3a72,社会科学试验班,片冈宽光,大隈重信传,nan,20190708,文科馆文科综合书库
520b459b2115a5ee265b3adeb7bb3a72,社会科学试验班,"周方冶,",东亚五国政治发展的权力集团研究,nan,20190708,文科馆政经法阅览室
520b459b2115a5ee265b3adeb7bb3a72,社会科学试验班,华尔兹,国际政治理论,nan,20190708,文科馆政经法阅览室
520b459b2115a5ee265b3adeb7bb3a72,社会科学试验班,焦佩,变迁中的韩国左翼政党研究,nan,20190708,文科馆政经法阅览室
520b459b2115a5ee265b3adeb7bb3a72,社会科学试验班,"怀特,",权力政治,nan,20190708,文科馆政经法阅览室
520b459b2115a5ee265b3adeb7bb3a72,社会科学试验班,"柳原修,",日本的国会与政治,nan,20190708,文科馆政经法阅览室
520b459b2115a5ee265b3adeb7bb3a72,社会科学试验班,"尹保云,",民主与本土文化,nan,20190708,文科馆政经法阅览室
520b459b2115a5ee265b3adeb7bb3a72,社会科学试验班,安德森,大国协调及其反抗者,nan,已催还20190624,文科馆政经法阅览室
520b459b2115a5ee265b3adeb7bb3a72,社会科学试验班,基恩,明治天皇,nan,20190429,文科馆文科综合书库
520b459b2115a5ee265b3adeb7bb3a72,社会科学试验班,柏拉图,苏格拉底之死,nan,20190307,文科馆文科综合书库
520b459b2115a5ee265b3adeb7bb3a72,社会科学试验班,亚里士多德,亚里士多德选集,nan,20190307,文科馆文科综合书库
520b459b2115a5ee265b3adeb7bb3a72,社会科学试验班,津本阳,西乡隆盛,nan,20181217,文科馆文科综合书库
520b459b2115a5ee265b3adeb7bb3a72,社会科学试验班,北冈伸一,日本政治史,nan,已催还20181217,文科馆政经法阅览室
520b459b2115a5ee265b3adeb7bb3a72,社会科学试验班,莱维纳,最后的武士,nan,20181217,文科馆文科综合书库
520b459b2115a5ee265b3adeb7bb3a72,社会科学试验班,"王振锁,",日本近现代政治史,nan,20181217,文科馆政经法阅览室
520b459b2115a5ee265b3adeb7bb3a72,社会科学试验班,米诺格,政治學,nan,20180507,文科馆政经法阅览室
520b459b2115a5ee265b3adeb7bb3a72,社会科学试验班,托马斯,政治哲学导论,nan,20180507,文科馆政经法阅览室
520b459b2115a5ee265b3adeb7bb3a72,社会科学试验班,"王奇生,",党员、党权与党争,nan,20180507,文科馆政经法阅览室
ff2e376572e747b8fc570d1dec964cfe,社会科学试验班,谭伟东,中西经济思想比较,nan,20190905,文科馆政经法阅览室
ff2e376572e747b8fc570d1dec964cfe,社会科学试验班,蒋雅文,西方经济思想史,nan,20190905,文科馆政经法阅览室
ff2e376572e747b8fc570d1dec964cfe,社会科学试验班,邹公明,精算学概论,nan,20180502,文科馆政经法阅览室
ff2e376572e747b8fc570d1dec964cfe,社会科学试验班,"魏陆,",公共经济学,nan,20180502,文科馆政经法阅览室
ff2e376572e747b8fc570d1dec964cfe,社会科学试验班,陈炳辉,会计学,nan,20180502,文科馆政经法阅览室
ff2e376572e747b8fc570d1dec964cfe,社会科学试验班,邹公明,精算学概论,nan,20180502,文科馆政经法阅览室
0ca34f1d3da7c950a3dde1138a46c921,社会科学试验班,西奥多.赫茨尔,犹太国,nan,20190905,江湾馆3号密集书库
0ca34f1d3da7c950a3dde1138a46c921,社会科学试验班,,中华人民共和国宪法,nan,20180118,江湾馆文科借阅区
0ca34f1d3da7c950a3dde1138a46c921,社会科学试验班,巴泽雷，,突破官僚制,nan,20180101,文科馆政经法阅览室
0ca34f1d3da7c950a3dde1138a46c921,社会科学试验班,李士坤,《共产党宣言》讲解,nan,20171120,江湾1号密集书库
0ca34f1d3da7c950a3dde1138a46c921,社会科学试验班,刘干才,华南抗战大纪实,nan,20171114,文科馆文科综合书库
0ca34f1d3da7c950a3dde1138a46c921,社会科学试验班,马克思,资本论,nan,20171114,文科馆文科综合书库
0ca34f1d3da7c950a3dde1138a46c921,社会科学试验班,杨志,《资本论》选读,nan,20171114,文科馆文科综合书库
0ca34f1d3da7c950a3dde1138a46c921,社会科学试验班,刘干才,陕甘宁抗战纪实,nan,20171114,文科馆文科综合书库
237d4c24378e079662eb95afa59ef0dd,社会科学试验班,都昌满,从走近到走进,nan,20200203,文科馆文科综合书库
6881ce8cbbc6398fb2818c52e23791cd,社会科学试验班,李兴耕,当代西欧社会党的理论与实践,nan,20190708,国务学院资料室
6881ce8cbbc6398fb2818c52e23791cd,社会科学试验班,张有军,西欧社会民主党执政理论与实践研究,nan,20190708,国务学院资料室
6881ce8cbbc6398fb2818c52e23791cd,社会科学试验班,刘祖熙,波兰战后的三次危机,nan,20190614,国务学院资料室
6881ce8cbbc6398fb2818c52e23791cd,社会科学试验班,德赛,马克思的复仇,nan,20171113,文科馆政经法阅览室
a8ca56469d2f9afefe55d28c1de04e67,社会科学试验班,刘金涛,老年人长期护理保险制度研究,nan,20200227,文科馆政经法阅览室
a8ca56469d2f9afefe55d28c1de04e67,社会科学试验班,权彤,战后日本养老社会保障制度变迁研究,nan,20200227,文科馆政经法阅览室
a8ca56469d2f9afefe55d28c1de04e67,社会科学试验班,和红,社会长期照护保险制度研究,nan,20200227,文科馆政经法阅览室
a8ca56469d2f9afefe55d28c1de04e67,社会科学试验班,住居广士,日本介护保险,nan,20200227,文科馆政经法阅览室
a8ca56469d2f9afefe55d28c1de04e67,社会科学试验班,戴卫东,长期护理保险,nan,20200227,文科馆政经法阅览室
a8ca56469d2f9afefe55d28c1de04e67,社会科学试验班,荆涛,长期护理保险理论与实践研究,nan,20200227,文科馆政经法阅览室
a8ca56469d2f9afefe55d28c1de04e67,社会科学试验班,"吴寄南,",中日关系“瓶颈”论,nan,20190520,文科馆1号密集书库
a8ca56469d2f9afefe55d28c1de04e67,社会科学试验班,"李剑农,",中国近百年政治史,nan,20190307,国务学院资料室
a8ca56469d2f9afefe55d28c1de04e67,社会科学试验班,"完颜绍元,",“废约”外交家王正廷,nan,20190107,国务学院资料室
a8ca56469d2f9afefe55d28c1de04e67,社会科学试验班,"艾萨克森(Isaacson,W.)",美国智囊六人传,nan,20190107,国务学院资料室
a8ca56469d2f9afefe55d28c1de04e67,社会科学试验班,韦伯,新教伦理与资本主义精神,nan,20190107,国务学院资料室
a8ca56469d2f9afefe55d28c1de04e67,社会科学试验班,"王振锁,",日本近现代政治史,nan,20181115,文科馆政经法阅览室
a8ca56469d2f9afefe55d28c1de04e67,社会科学试验班,莱维纳,最后的武士,nan,20181115,文科馆文科综合书库
a8ca56469d2f9afefe55d28c1de04e67,社会科学试验班,北冈伸一,日本政治史,nan,20181115,文科馆政经法阅览室
a8ca56469d2f9afefe55d28c1de04e67,社会科学试验班,津本阳,西乡隆盛,nan,20181115,文科馆文科综合书库
71ebf7f7c1f12b58468eb7cad3203740,社会科学试验班,包刚升,民主崩溃的政治学,nan,20201214,国务学院资料室
71ebf7f7c1f12b58468eb7cad3203740,社会科学试验班,"白哲特,",英国宪制,nan,20201113,国务学院资料室
71ebf7f7c1f12b58468eb7cad3203740,社会科学试验班,包刚升,民主崩溃的政治学,nan,20201113,国务学院资料室
71ebf7f7c1f12b58468eb7cad3203740,社会科学试验班,荷马,伊利亚特,nan,20201113,文科馆文学艺术书库
71ebf7f7c1f12b58468eb7cad3203740,社会科学试验班,汉密尔顿,联邦党人文集,nan,20201113,国务学院资料室
71ebf7f7c1f12b58468eb7cad3203740,社会科学试验班,基辛格,大外交,nan,20201113,文科馆政经法阅览室
71ebf7f7c1f12b58468eb7cad3203740,社会科学试验班,支绍曾,战后世界局部战争史教程,nan,20180905,文科馆文科综合书库
71ebf7f7c1f12b58468eb7cad3203740,社会科学试验班,刘亚洲,赢在制空权,nan,20180709,文科馆文科综合书库
71ebf7f7c1f12b58468eb7cad3203740,社会科学试验班,军事科学院,海湾战争全史,nan,20180709,文科馆文科综合书库
71ebf7f7c1f12b58468eb7cad3203740,社会科学试验班,"唐贤兴,",近现代国际关系史,nan,20180611,张江馆张江书库
71ebf7f7c1f12b58468eb7cad3203740,社会科学试验班,本尼迪克特,菊与刀,nan,20180521,文科馆文科综合书库
71ebf7f7c1f12b58468eb7cad3203740,社会科学试验班,"乔良,",超限战与反超限战,nan,20180521,文科馆文科综合书库
71ebf7f7c1f12b58468eb7cad3203740,社会科学试验班,李榕园,巴菲特的投资智慧,nan,20180320,文科馆政经法阅览室
71ebf7f7c1f12b58468eb7cad3203740,社会科学试验班,"李翀,",现代西方经济学原理,nan,20180320,文科馆政经法阅览室
71ebf7f7c1f12b58468eb7cad3203740,社会科学试验班,杨俊一,马克思主义哲学原理,nan,20180320,文科馆文科综合书库
71ebf7f7c1f12b58468eb7cad3203740,社会科学试验班,"李翀,",现代西方经济学原理,nan,20180320,文科馆政经法阅览室
71ebf7f7c1f12b58468eb7cad3203740,社会科学试验班,金刀,青帮教父杜月笙全传,nan,20180320,文科馆文科综合书库
71ebf7f7c1f12b58468eb7cad3203740,社会科学试验班,一寸山河一寸金,上海教父,nan,20180320,文科馆文科综合书库
71ebf7f7c1f12b58468eb7cad3203740,社会科学试验班,奥韦尔,1984,nan,20180119,文科馆文学艺术书库
71ebf7f7c1f12b58468eb7cad3203740,社会科学试验班,基辛格,大外交,nan,20180115,江湾馆文科借阅区
71ebf7f7c1f12b58468eb7cad3203740,社会科学试验班,摩根索,国家间政治,nan,20180108,江湾馆文科借阅区
71ebf7f7c1f12b58468eb7cad3203740,社会科学试验班,"(法)卢梭(Rousseau,J.J.)",论人类不平等的起源和基础,nan,20180108,江湾1号密集书库
71ebf7f7c1f12b58468eb7cad3203740,社会科学试验班,卢梭,社会契约论,nan,20180104,文科馆政经法阅览室
71ebf7f7c1f12b58468eb7cad3203740,社会科学试验班,阿科塞,病夫治国,nan,20180102,江湾馆文科借阅区
71ebf7f7c1f12b58468eb7cad3203740,社会科学试验班,邱恒明,这个星球不配我死,nan,20171116,文科馆文科综合书库
71ebf7f7c1f12b58468eb7cad3203740,社会科学试验班,《现代美国百科全书》编写组编,现代美国百科全书,nan,20171116,文科馆文科综合书库
71ebf7f7c1f12b58468eb7cad3203740,社会科学试验班,杨士范,钢铁侠埃隆·马斯克,nan,20171116,文科馆文科综合书库
71ebf7f7c1f12b58468eb7cad3203740,社会科学试验班,徐筠,英语阅读词汇双突破3000词,nan,20171116,文科馆文科综合书库
71ebf7f7c1f12b58468eb7cad3203740,社会科学试验班,黄鸿涯,科比传,nan,20171116,文科馆文科综合书库
71ebf7f7c1f12b58468eb7cad3203740,社会科学试验班,刘亚洲,攻击攻击再攻击,nan,20171106,文科馆文科综合书库
71ebf7f7c1f12b58468eb7cad3203740,社会科学试验班,"郭士强,",怎样打篮球,nan,20171106,文科馆文科综合书库
71ebf7f7c1f12b58468eb7cad3203740,社会科学试验班,军情视点,神枪手锻造实录,nan,20171106,文科馆文科综合书库
71ebf7f7c1f12b58468eb7cad3203740,社会科学试验班,李松,勇者神兵,nan,20171106,文科馆文科综合书库
ab52673ffe1f1e6b0934e7dfd9863ac0,社会科学试验班,杨俊峰,美国历史概况,nan,20180702,文科馆文科综合书库
ab52673ffe1f1e6b0934e7dfd9863ac0,社会科学试验班,杨俊峰,美国历史概况,nan,20180702,文科馆文科综合书库
ab52673ffe1f1e6b0934e7dfd9863ac0,社会科学试验班,梁葛,英国史演义,nan,20180611,文科馆文科综合书库
ab52673ffe1f1e6b0934e7dfd9863ac0,社会科学试验班,李静,中国问题,nan,20180319,文科馆文科综合书库
3c9e0c269fc6d24a229df51a9c6e3340,社会科学试验班,希钦斯,系统工程,nan,20190513,理科馆理科书库
3c9e0c269fc6d24a229df51a9c6e3340,社会科学试验班,"朱云龙,",生物启发计算,nan,20190513,理科馆应用学科借阅室
3c9e0c269fc6d24a229df51a9c6e3340,社会科学试验班,"朱云龙,",生物启发计算,nan,20190312,理科馆应用学科借阅室
3c9e0c269fc6d24a229df51a9c6e3340,社会科学试验班,刘琦,京剧形式特征,nan,20190307,文科馆文学艺术书库
3c9e0c269fc6d24a229df51a9c6e3340,社会科学试验班,蒋锡武,京剧精神,nan,20190307,文科馆文学艺术书库
3c9e0c269fc6d24a229df51a9c6e3340,社会科学试验班,刘连群,京剧入门,nan,20190307,文科馆文学艺术书库
3c9e0c269fc6d24a229df51a9c6e3340,社会科学试验班,"和宝堂,",画说京剧,nan,20190307,文科馆文学艺术书库
214d163e934dd7bf761fc01b093af89c,社会科学试验班,托克维尔,论美国民主,nan,20180101,文科馆政经法阅览室
214d163e934dd7bf761fc01b093af89c,社会科学试验班,托克维尔,论美国民主,nan,20180101,文科馆政经法阅览室
214d163e934dd7bf761fc01b093af89c,社会科学试验班,黄湘,美国裂变,nan,20180101,文科馆政经法阅览室
214d163e934dd7bf761fc01b093af89c,社会科学试验班,托克维尔,论美国民主,nan,20180101,文科馆政经法阅览室
214d163e934dd7bf761fc01b093af89c,社会科学试验班,托克维尔,论美国民主,nan,20180101,文科馆政经法阅览室
214d163e934dd7bf761fc01b093af89c,社会科学试验班,托克维尔,论美国民主,nan,20180101,文科馆政经法阅览室
887441b8becd179e4cfe0357f9d44926,社会科学试验班,"阿什福德,",人类行为与社会环境,nan,20200930,文科馆文科综合书库
887441b8becd179e4cfe0357f9d44926,社会科学试验班,王瑞鸿,社会工作服务创新,nan,20200930,文科馆政经法阅览室
887441b8becd179e4cfe0357f9d44926,社会科学试验班,谢建社,中国社会工作创新与管理,nan,20200930,文科馆政经法阅览室
887441b8becd179e4cfe0357f9d44926,社会科学试验班,王思斌,社会行政,nan,20200930,文科馆文科综合书库
887441b8becd179e4cfe0357f9d44926,社会科学试验班,赵环,社会工作与社会创新,nan,20200930,文科馆政经法阅览室
887441b8becd179e4cfe0357f9d44926,社会科学试验班,"黄晨熹,",社会福利,nan,20200930,文科馆文科综合书库
887441b8becd179e4cfe0357f9d44926,社会科学试验班,"阿什福德,",人类行为与社会环境,nan,20191104,文科馆文科综合书库
887441b8becd179e4cfe0357f9d44926,社会科学试验班,迪露西亚瓦克,团体咨询与团体治疗指南,nan,已催还20191028,文科馆文科综合书库
887441b8becd179e4cfe0357f9d44926,社会科学试验班,迪露西亚瓦克,团体咨询与团体治疗指南,nan,20190905,文科馆文科综合书库
887441b8becd179e4cfe0357f9d44926,社会科学试验班,夏建中,社区工作,nan,20190905,文科馆文科综合书库
887441b8becd179e4cfe0357f9d44926,社会科学试验班,"阿什福德,",人类行为与社会环境,nan,20190905,文科馆文科综合书库
887441b8becd179e4cfe0357f9d44926,社会科学试验班,"阿什福德,",人类行为与社会环境,nan,20190621,文科馆文科综合书库
887441b8becd179e4cfe0357f9d44926,社会科学试验班,"川本隆史,",罗尔斯,nan,20190523,文科馆文科综合书库
887441b8becd179e4cfe0357f9d44926,社会科学试验班,吴忠民,社会学理论前沿,nan,20190523,文科馆文科综合书库
887441b8becd179e4cfe0357f9d44926,社会科学试验班,"徐清飞,",求索正义,nan,20190523,文科馆文科综合书库
887441b8becd179e4cfe0357f9d44926,社会科学试验班,杨菊华,社会统计分析与数据处理技术,nan,20190520,文科馆文科综合书库
887441b8becd179e4cfe0357f9d44926,社会科学试验班,"何雪松,",社会工作理论,nan,20190516,文科馆文科综合书库
887441b8becd179e4cfe0357f9d44926,社会科学试验班,迪露西亚瓦克,团体咨询与团体治疗指南,nan,20190513,文科馆文科综合书库
887441b8becd179e4cfe0357f9d44926,社会科学试验班,夏建中,社区工作,nan,20190510,文科馆文科综合书库
887441b8becd179e4cfe0357f9d44926,社会科学试验班,夏建中,社区工作,nan,20190510,文科馆文科综合书库
887441b8becd179e4cfe0357f9d44926,社会科学试验班,"阿什福德,",人类行为与社会环境,nan,20190307,文科馆文科综合书库
887441b8becd179e4cfe0357f9d44926,社会科学试验班,沈建蓉,大学VB程序设计实践教程,nan,20181231,理科馆应用学科借阅室
887441b8becd179e4cfe0357f9d44926,社会科学试验班,圣埃克苏佩里,小王子,nan,20180521,文科馆文学艺术书库
887441b8becd179e4cfe0357f9d44926,社会科学试验班,"司马光,",资治通鉴,nan,20180507,文科馆文科综合书库
887441b8becd179e4cfe0357f9d44926,社会科学试验班,"司马光,",资治通鉴,nan,20180507,文科馆文科综合书库
887441b8becd179e4cfe0357f9d44926,社会科学试验班,"萨瓦特尔,",政治学的邀请,nan,已催还20171113,文科馆政经法阅览室
887441b8becd179e4cfe0357f9d44926,社会科学试验班,茶乌龙,知日,nan,20171113,文科馆文科综合书库
887441b8becd179e4cfe0357f9d44926,社会科学试验班,苏静,知日,nan,20171113,文科馆文科综合书库
0831bd4052f367cc5bd0d5f80336989b,社会科学试验班,马克思,马克思恩格斯全集,nan,20180112,文科馆文科综合书库
0831bd4052f367cc5bd0d5f80336989b,社会科学试验班,波普诺,社会学,nan,20180105,文科馆文科综合书库
0831bd4052f367cc5bd0d5f80336989b,社会科学试验班,"孙关宏,",政治学概论,nan,已催还20171128,文科馆政经法阅览室
0831bd4052f367cc5bd0d5f80336989b,社会科学试验班,弗罗姆,爱的艺术,nan,已催还20171121,文科馆文科综合书库
0831bd4052f367cc5bd0d5f80336989b,社会科学试验班,西摩·马丁·李普塞特,政治人,nan,20171120,文科馆政经法阅览室
0831bd4052f367cc5bd0d5f80336989b,社会科学试验班,王尔德,夜莺与玫瑰,nan,20171120,文科馆文科综合书库
0831bd4052f367cc5bd0d5f80336989b,社会科学试验班,圣埃克苏佩里,小王子,nan,20171116,文科馆文科综合书库
0831bd4052f367cc5bd0d5f80336989b,社会科学试验班,马克思,马克思恩格斯全集,nan,20171113,文科馆文科综合书库
0831bd4052f367cc5bd0d5f80336989b,社会科学试验班,圣埃克苏佩里,小王子,nan,20171113,文科馆文科综合书库
0831bd4052f367cc5bd0d5f80336989b,社会科学试验班,尹荣洙,茶马古道,nan,20171110,文科馆文科综合书库
0831bd4052f367cc5bd0d5f80336989b,社会科学试验班,尹荣洙,茶马古道,nan,20171110,文科馆文科综合书库
0831bd4052f367cc5bd0d5f80336989b,社会科学试验班,米格达尔,强社会与弱国家,nan,已催还20171110,文科馆政经法阅览室
b0e02e102b1929af3d514f06cc9e7ff1,社会科学试验班,斯塔基,外交谈判导论,nan,20200302,文科馆政经法阅览室
b0e02e102b1929af3d514f06cc9e7ff1,社会科学试验班,金灿荣,中国智慧,nan,20200227,文科馆政经法阅览室
b0e02e102b1929af3d514f06cc9e7ff1,社会科学试验班,"王泰,",追寻政治可持续发展之路,nan,20200221,文科馆政经法阅览室
b0e02e102b1929af3d514f06cc9e7ff1,社会科学试验班,"石源华,",中国周边外交研究报告,nan,20200219,文科馆政经法阅览室
b0e02e102b1929af3d514f06cc9e7ff1,社会科学试验班,韦红,印度尼西亚国情报告,nan,20200219,文科馆政经法阅览室
b0e02e102b1929af3d514f06cc9e7ff1,社会科学试验班,韦红,印度尼西亚国情报告,nan,20200219,文科馆政经法阅览室
b0e02e102b1929af3d514f06cc9e7ff1,社会科学试验班,戴维来,中等强国崛起与国际关系的新变局,nan,20200219,文科馆政经法阅览室
b0e02e102b1929af3d514f06cc9e7ff1,社会科学试验班,韦红,印度尼西亚国情报告,nan,20200218,文科馆政经法阅览室
b0e02e102b1929af3d514f06cc9e7ff1,社会科学试验班,杨灏城,当代中东热点问题的历史探索,nan,20200218,文科馆政经法阅览室
b0e02e102b1929af3d514f06cc9e7ff1,社会科学试验班,赖珩佳,那些你未必知道的印尼,nan,20200218,文科馆政经法阅览室
b0e02e102b1929af3d514f06cc9e7ff1,社会科学试验班,杨晓强,后苏哈托时期的印尼民主化改革研究,nan,20200218,文科馆政经法阅览室
b0e02e102b1929af3d514f06cc9e7ff1,社会科学试验班,罗建波,中非关系与中国的大国责任,nan,20200124,文科馆政经法阅览室
b0e02e102b1929af3d514f06cc9e7ff1,社会科学试验班,"李新烽,",中东发展报告,nan,20200122,文科馆政经法阅览室
b0e02e102b1929af3d514f06cc9e7ff1,社会科学试验班,"吴建民,",我的中国梦,nan,20200122,文科馆政经法阅览室
b0e02e102b1929af3d514f06cc9e7ff1,社会科学试验班,"李东屹,",治理视角之下的东亚区域化,nan,20200122,文科馆政经法阅览室
b0e02e102b1929af3d514f06cc9e7ff1,社会科学试验班,田文林,困顿与突围,nan,20200122,国务学院资料室
b0e02e102b1929af3d514f06cc9e7ff1,社会科学试验班,李绍白,巴哈伊,nan,20200107,文科馆1号密集书库
b0e02e102b1929af3d514f06cc9e7ff1,社会科学试验班,科兰,大使馆和外交官,nan,20191225,国务学院资料室
b0e02e102b1929af3d514f06cc9e7ff1,社会科学试验班,"李肇星,",说不尽的外交,nan,20191225,国务学院资料室
b0e02e102b1929af3d514f06cc9e7ff1,社会科学试验班,马克思,马克思恩格斯全集,nan,20191224,文科馆文科综合书库
b0e02e102b1929af3d514f06cc9e7ff1,社会科学试验班,斯塔基,外交谈判导论,nan,已催还20191125,国务学院资料室
b0e02e102b1929af3d514f06cc9e7ff1,社会科学试验班,帕特森,美国政治文化,nan,20191125,文科馆政经法阅览室
b0e02e102b1929af3d514f06cc9e7ff1,社会科学试验班,"彭树智,",中东史,nan,已催还20191125,文科馆1号密集书库
b0e02e102b1929af3d514f06cc9e7ff1,社会科学试验班,"吴心伯,",太平洋上不太平,nan,20191024,国务学院资料室
b0e02e102b1929af3d514f06cc9e7ff1,社会科学试验班,斯塔基,外交谈判导论,nan,20191024,国务学院资料室
b0e02e102b1929af3d514f06cc9e7ff1,社会科学试验班,"朱志敏,",李大钊传,nan,20190808,文科馆文科综合书库
b0e02e102b1929af3d514f06cc9e7ff1,社会科学试验班,吴汉全著,李大钊与中国社会现代化新道路,nan,20190808,文科馆文科综合书库
b0e02e102b1929af3d514f06cc9e7ff1,社会科学试验班,邢悦,国际关系,nan,20190710,国务学院资料室
b0e02e102b1929af3d514f06cc9e7ff1,社会科学试验班,曹胜强,二十世纪国际关系史论,nan,20190710,国务学院资料室
b0e02e102b1929af3d514f06cc9e7ff1,社会科学试验班,"阎学通,",国际政治与中国,nan,20190710,国务学院资料室
b0e02e102b1929af3d514f06cc9e7ff1,社会科学试验班,"贺昱,",中国经典电影解读,nan,20180807,文科馆文学艺术书库
b0e02e102b1929af3d514f06cc9e7ff1,社会科学试验班,"邵雯艳,",华语电影与中国戏曲,nan,20180807,文科馆文学艺术书库
b0e02e102b1929af3d514f06cc9e7ff1,社会科学试验班,戴锦华,电影批评,nan,20180807,文科馆文学艺术书库
b0e02e102b1929af3d514f06cc9e7ff1,社会科学试验班,达尔,论民主,nan,已催还20171113,文科馆政经法阅览室
9c315898491d48d642084388d0a68423,社会科学试验班,"穆勒,",论自由,nan,20181109,文科馆政经法阅览室
9c315898491d48d642084388d0a68423,社会科学试验班,亨廷顿,变化社会中的政治秩序,nan,20181109,文科馆政经法阅览室
9c315898491d48d642084388d0a68423,社会科学试验班,"薛玉琴,",马相伯 马建忠 马玉章,nan,20180802,文科馆文科综合书库
9c315898491d48d642084388d0a68423,社会科学试验班,彭慕兰,大分流,nan,20180508,文科馆政经法阅览室
9c315898491d48d642084388d0a68423,社会科学试验班,"奈,",理解国际冲突,nan,20180504,文科馆政经法阅览室
9c315898491d48d642084388d0a68423,社会科学试验班,刘明珍,公民社会与治理转型,nan,20180314,文科馆政经法阅览室
9c315898491d48d642084388d0a68423,社会科学试验班,托克维尔,论美国民主,nan,20180130,文科馆政经法阅览室
9c315898491d48d642084388d0a68423,社会科学试验班,托克维尔,论美国民主,nan,20180130,文科馆政经法阅览室
9c315898491d48d642084388d0a68423,社会科学试验班,费孝通,乡土中国,nan,20180108,文科馆文科综合书库
9c315898491d48d642084388d0a68423,社会科学试验班,福柯,规训与惩罚,nan,已催还20180102,文科馆政经法阅览室
9c315898491d48d642084388d0a68423,社会科学试验班,本尼迪克特,菊与刀,nan,20180102,文科馆文科综合书库
9c315898491d48d642084388d0a68423,社会科学试验班,"大木雅夫,",东西方的法观念比较,nan,20180102,文科馆政经法阅览室
9c315898491d48d642084388d0a68423,社会科学试验班,"斯凯思,",阶级,nan,20171114,文科馆政经法阅览室
9c315898491d48d642084388d0a68423,社会科学试验班,夏皮罗,民主的价值,nan,20171114,文科馆政经法阅览室
9c315898491d48d642084388d0a68423,社会科学试验班,穆勒,论自由,nan,20171113,文科馆文科综合书库
2ffbd84cc140bdeb7924c56047e371ac,社会科学试验班,"章培恒,",中国文学史新著,nan,20201125,江湾馆3号密集书库
2ffbd84cc140bdeb7924c56047e371ac,社会科学试验班,戈德哈根,欢迎来到你的世界,nan,20201117,文科馆文科综合书库
2ffbd84cc140bdeb7924c56047e371ac,社会科学试验班,"章培恒,",中国文学史新著,nan,已催还20201110,文科馆文学艺术书库
2ffbd84cc140bdeb7924c56047e371ac,社会科学试验班,"朱东润,",中國歷代文学作品選,nan,已催还20201109,文科馆文学艺术书库
2ffbd84cc140bdeb7924c56047e371ac,社会科学试验班,"钱钟书,",谈艺录,nan,已催还20201012,张江馆张江书库
2ffbd84cc140bdeb7924c56047e371ac,社会科学试验班,"李泽厚,",美的历程,nan,20200930,国务学院资料室
2ffbd84cc140bdeb7924c56047e371ac,社会科学试验班,"张世禄,",古代漢語教程,nan,已催还20200916,文科馆文科综合书库
2ffbd84cc140bdeb7924c56047e371ac,社会科学试验班,高鸿业,西方经济学,nan,20200305,文科馆政经法阅览室
2ffbd84cc140bdeb7924c56047e371ac,社会科学试验班,吉仁泽,风险认知,nan,20200227,文科馆政经法阅览室
2ffbd84cc140bdeb7924c56047e371ac,社会科学试验班,李山,管子,nan,20200227,文科馆文科综合书库
2ffbd84cc140bdeb7924c56047e371ac,社会科学试验班,"高鸿业,",西方经济学,nan,已催还20200227,文科馆政经法阅览室
2ffbd84cc140bdeb7924c56047e371ac,社会科学试验班,李瑞昌,公共危机与政府治理,nan,20200210,文科馆1号密集书库
2ffbd84cc140bdeb7924c56047e371ac,社会科学试验班,罗新宇,国有企业分类与分类监管,nan,20200101,文科馆政经法阅览室
2ffbd84cc140bdeb7924c56047e371ac,社会科学试验班,崔立莉,人类早期历史的科学审视,nan,20191230,文科馆文科综合书库
2ffbd84cc140bdeb7924c56047e371ac,社会科学试验班,潘小娟,比较行政体制,nan,20191230,文科馆政经法阅览室
2ffbd84cc140bdeb7924c56047e371ac,社会科学试验班,鲁茨欧,德国政府与政治,nan,20191230,文科馆政经法阅览室
2ffbd84cc140bdeb7924c56047e371ac,社会科学试验班,"张立荣,",中外行政制度比较,nan,20191230,文科馆政经法阅览室
2ffbd84cc140bdeb7924c56047e371ac,社会科学试验班,《西方经济学》编写组,西方经济学,nan,20191224,文科馆政经法阅览室
2ffbd84cc140bdeb7924c56047e371ac,社会科学试验班,"金观涛,",兴盛与危机,nan,20191216,文科馆政经法阅览室
2ffbd84cc140bdeb7924c56047e371ac,社会科学试验班,金观涛,兴盛与危机,nan,20191210,文科馆1号密集书库
2ffbd84cc140bdeb7924c56047e371ac,社会科学试验班,"贝克,",风险社会,nan,20191126,江湾馆文科借阅区
2ffbd84cc140bdeb7924c56047e371ac,社会科学试验班,"龙榆生,",词曲概论,nan,20191119,文科馆文学艺术书库
2ffbd84cc140bdeb7924c56047e371ac,社会科学试验班,"江弱水,",古典诗的现代性,nan,20191111,文科馆1号密集书库
2ffbd84cc140bdeb7924c56047e371ac,社会科学试验班,格里诺尔,新标准大学英语,nan,20191105,文科馆1号密集书库
2ffbd84cc140bdeb7924c56047e371ac,社会科学试验班,《中国政治思想史》编写组,中国政治思想史,nan,20191104,文科馆政经法阅览室
2ffbd84cc140bdeb7924c56047e371ac,社会科学试验班,袁世硕,中国古代文学史,nan,20191104,医科馆中文图书区
2ffbd84cc140bdeb7924c56047e371ac,社会科学试验班,利尔宾盖尔,逆境领导力,nan,已催还20191029,文科馆文科综合书库
2ffbd84cc140bdeb7924c56047e371ac,社会科学试验班,黑迪,比较公共行政,nan,已催还20191023,文科馆政经法阅览室
2ffbd84cc140bdeb7924c56047e371ac,社会科学试验班,"张世信,",行政法学,nan,20190905,江湾1号密集书库
2ffbd84cc140bdeb7924c56047e371ac,社会科学试验班,葛荃,中国古代行政管理思想史,nan,20190905,文科馆政经法阅览室
2ffbd84cc140bdeb7924c56047e371ac,社会科学试验班,国家体育总局,自卫防身术,nan,20190905,江湾馆3号密集书库
2ffbd84cc140bdeb7924c56047e371ac,社会科学试验班,"李扬帆,",被误读的天下秩序,nan,20190624,国务学院资料室
2ffbd84cc140bdeb7924c56047e371ac,社会科学试验班,穆勒,论自由,nan,20190620,医科馆中文图书区
2ffbd84cc140bdeb7924c56047e371ac,社会科学试验班,葛荃,中国古代行政管理思想史,nan,20190620,文科馆政经法阅览室
2ffbd84cc140bdeb7924c56047e371ac,社会科学试验班,吉布,图解千年导引术,nan,20190620,医科馆中文图书区
2ffbd84cc140bdeb7924c56047e371ac,社会科学试验班,"姜明安,",行政法,nan,20190620,江湾馆文科借阅区
2ffbd84cc140bdeb7924c56047e371ac,社会科学试验班,"杨继洲,",針灸大成,nan,20190620,医科馆中文图书区
2ffbd84cc140bdeb7924c56047e371ac,社会科学试验班,吴少祯,中医十大经典,nan,20190620,医科馆中文图书区
2ffbd84cc140bdeb7924c56047e371ac,社会科学试验班,郑汉臣,药用植物学,nan,20190620,医科馆中文图书区
2ffbd84cc140bdeb7924c56047e371ac,社会科学试验班,李普曼,舆论,nan,20190506,文科馆文科综合书库
2ffbd84cc140bdeb7924c56047e371ac,社会科学试验班,"罗尔斯(Rawls,J.)",正义论,nan,已催还20190408,江湾1号密集书库
2ffbd84cc140bdeb7924c56047e371ac,社会科学试验班,李普曼,舆论,nan,已催还20190320,文科馆文科综合书库
2ffbd84cc140bdeb7924c56047e371ac,社会科学试验班,"杨继洲,",針灸大成,nan,20190311,医科馆中文图书区
2ffbd84cc140bdeb7924c56047e371ac,社会科学试验班,吉布,图解千年导引术,nan,20190311,医科馆中文图书区
2ffbd84cc140bdeb7924c56047e371ac,社会科学试验班,"侯体健,",刘克庄的文学世界,nan,20190205,文科馆文学艺术书库
2ffbd84cc140bdeb7924c56047e371ac,社会科学试验班,周庆海,八段锦,nan,20190118,文科馆文科综合书库
2ffbd84cc140bdeb7924c56047e371ac,社会科学试验班,欧阳兵,中医诊法学,nan,20190111,医科馆密集库
2ffbd84cc140bdeb7924c56047e371ac,社会科学试验班,周三多,管理学,nan,20190110,文科馆1号密集书库
2ffbd84cc140bdeb7924c56047e371ac,社会科学试验班,朱春奎,公共政策学,nan,20190110,文科馆1号密集书库
2ffbd84cc140bdeb7924c56047e371ac,社会科学试验班,王文健，,中医药学,nan,20190108,医科馆中文图书区
2ffbd84cc140bdeb7924c56047e371ac,社会科学试验班,"习近平,",习近平谈治国理政,nan,20190103,文科馆政经法阅览室
2ffbd84cc140bdeb7924c56047e371ac,社会科学试验班,蒋寅,大历诗风,nan,已催还20190101,文科馆文学艺术书库
2ffbd84cc140bdeb7924c56047e371ac,社会科学试验班,金登,议程、备选方案与公共政策,nan,已催还20181231,文科馆政经法阅览室
2ffbd84cc140bdeb7924c56047e371ac,社会科学试验班,李剑农,中国近百年政治史,nan,已催还20181228,文科馆政经法阅览室
2ffbd84cc140bdeb7924c56047e371ac,社会科学试验班,"程千帆,",被开拓的诗世界,nan,已催还20181217,文科馆1号密集书库
2ffbd84cc140bdeb7924c56047e371ac,社会科学试验班,王文健，,中医药学,nan,20181119,医科馆中文图书区
2ffbd84cc140bdeb7924c56047e371ac,社会科学试验班,彭子益,圆运动的古中医学,nan,20181119,医科馆密集库
2ffbd84cc140bdeb7924c56047e371ac,社会科学试验班,"麦克莱兰,",西方政治思想史,nan,已催还20181112,文科馆1号密集书库
2ffbd84cc140bdeb7924c56047e371ac,社会科学试验班,"波普诺,",社会学,nan,20180820,文科馆1号密集书库
2ffbd84cc140bdeb7924c56047e371ac,社会科学试验班,"博登海默,",法理学,nan,20180803,江湾馆文科借阅区
2ffbd84cc140bdeb7924c56047e371ac,社会科学试验班,翟毓兴,大学军事理论教程,nan,20180803,江湾1号密集书库
2ffbd84cc140bdeb7924c56047e371ac,社会科学试验班,贝尔基,马克思主义的起源,nan,20180731,江湾馆3号密集书库
2ffbd84cc140bdeb7924c56047e371ac,社会科学试验班,"公丕祥,",法理学,nan,20180625,文科馆政经法阅览室
2ffbd84cc140bdeb7924c56047e371ac,社会科学试验班,杨金远,高等数学习题课教程,nan,20180314,理科馆基础学科借阅室
2ffbd84cc140bdeb7924c56047e371ac,社会科学试验班,蔡俊亮,高等数学 B,nan,20180226,理科馆基础学科借阅室
2ffbd84cc140bdeb7924c56047e371ac,社会科学试验班,李强,社会分层十讲,nan,20180214,文科馆政经法阅览室
2ffbd84cc140bdeb7924c56047e371ac,社会科学试验班,蔡俊亮,高等数学B,nan,20180205,理科馆基础学科借阅室
2ffbd84cc140bdeb7924c56047e371ac,社会科学试验班,张银生,高等数学基础教程,nan,20171127,理科馆基础学科借阅室
2ffbd84cc140bdeb7924c56047e371ac,社会科学试验班,杨金远,高等数学习题课教程,nan,20171127,理科馆基础学科借阅室
2ffbd84cc140bdeb7924c56047e371ac,社会科学试验班,柯召,数论讲义,nan,20171120,理科馆基础学科借阅室
2ffbd84cc140bdeb7924c56047e371ac,社会科学试验班,沃勒斯坦,现代世界体系,nan,20171120,文科馆政经法阅览室
2ffbd84cc140bdeb7924c56047e371ac,社会科学试验班,"姬昌,",周易全书,nan,20171113,文科馆文科综合书库
2ffbd84cc140bdeb7924c56047e371ac,社会科学试验班,老子,道德经,nan,20171113,文科馆文科综合书库
